estacion,dia_semana,hora,es_hora_pico,es_finde_semana,demanda_pasajeros,tiempo_espera_min,transferencias_disponibles,ingresos_diarios,clima,num_tipos_transporte,tiene_metro,tiene_bus,tiene_taxi,tiene_cable,evento_especial
La Estrella,Jueves,0,0,0,1301,4.4,0,4259070.0,Tormenta,1,0,0,0,0,0
Niquia,Lunes,6,1,0,6427,12.1,4,19882978.0,Tormenta,3,1,1,1,0,0
Prado,Viernes,6,1,0,624,4.2,2,2010908.0,Lluvia,4,1,1,0,1,0
Itagui,Miercoles,22,0,0,346,9.5,2,1207421.0,Lluvia,1,0,0,0,1,1
La Estrella,Domingo,5,0,1,859,4.9,0,2771470.0,Tormenta,2,0,1,0,1,0
La Estrella,Viernes,17,1,0,2812,15.7,1,9491236.0,Nublado,4,1,1,1,1,1
Exposiciones,Miercoles,14,1,0,896,15.2,4,2673592.0,Soleado,4,1,1,1,1,0
Acevedo,Jueves,20,0,0,3229,8.8,3,9903774.0,Soleado,3,1,0,1,0,0
Estadio,Martes,10,0,0,600,6.9,3,1681363.0,Soleado,3,0,1,1,0,0
Cisneros,Lunes,16,0,0,456,6.2,1,1448970.0,Lluvia,1,0,0,0,0,1
Niquia,Jueves,11,1,0,3791,17.4,0,10842099.0,Nublado,1,0,0,0,0,0
San Javier,Lunes,17,1,0,2367,12.9,1,8166717.0,Lluvia,2,0,0,1,1,1
Ayura,Miercoles,3,0,0,530,2.5,0,1702263.0,Soleado,2,1,0,0,0,0
Madera,Viernes,10,0,0,826,4.6,3,2436672.0,Soleado,4,1,1,0,1,0
San Javier,Sabado,11,1,1,2044,14.0,0,5809925.0,Nublado,1,0,1,0,0,0
Envigado,Lunes,4,0,0,487,5.1,1,1661712.0,Soleado,1,1,0,0,0,0
Estadio,Viernes,5,0,0,797,7.4,3,2735073.0,Lluvia,1,0,0,0,1,1
Parque Berrio,Martes,22,0,0,458,4.0,1,1592968.0,Soleado,1,0,0,1,0,0
Itagui,Martes,16,0,0,358,13.0,0,1215746.0,Tormenta,1,0,1,0,0,0
Itagui,Miercoles,18,1,0,1439,13.7,4,4555799.0,Lluvia,2,0,1,1,0,1
Tricentenario,Miercoles,20,0,0,768,5.5,0,2155408.0,Nublado,1,1,0,0,0,0
Tricentenario,Sabado,2,0,1,396,6.9,4,1303821.0,Lluvia,1,0,0,0,0,0
Tricentenario,Viernes,3,0,0,1060,8.3,2,3177063.0,Tormenta,3,0,1,1,1,0
Bello,Lunes,20,0,0,1149,5.0,0,3485480.0,Tormenta,3,0,1,1,1,0
Acevedo,Sabado,22,0,1,1907,6.1,4,5537290.0,Nublado,3,1,1,1,0,0
San Javier,Sabado,11,1,1,375,14.6,1,4271239.0,Nublado,3,0,1,0,1,0
Exposiciones,Lunes,15,0,0,504,11.4,3,1534559.0,Nublado,2,1,1,0,0,1
San Antonio,Viernes,2,0,0,2938,9.3,3,9623897.0,Nublado,3,1,1,0,0,0
Bello,Martes,19,1,0,1217,7.9,4,4246071.0,Tormenta,2,1,0,1,0,0
Ayura,Viernes,21,0,0,672,6.8,2,2174732.0,Lluvia,1,0,0,1,0,1
San Antonio,Sabado,22,0,1,2028,6.7,3,6639921.0,Lluvia,3,1,1,0,1,0
Industriales,Viernes,19,1,0,1335,14.0,4,4180192.0,Lluvia,2,1,0,1,0,0
Cisneros,Jueves,21,0,0,530,11.2,1,1493062.0,Nublado,4,1,1,1,0,1
Aguacatala,Jueves,7,1,0,1790,17.7,0,5987361.0,Nublado,4,1,1,0,1,1
San Javier,Lunes,17,1,0,3081,14.8,4,9547152.0,Nublado,4,0,1,1,1,0
Estadio,Miercoles,15,0,0,581,6.9,2,1722169.0,Nublado,1,0,1,0,0,0
Exposiciones,Lunes,4,0,0,365,6.7,2,1160637.0,Soleado,2,0,0,0,1,1
Aguacatala,Sabado,11,1,1,1392,16.7,4,4625979.0,Lluvia,2,0,1,0,1,1
Aguacatala,Miercoles,12,1,0,1810,9.4,1,6132921.0,Soleado,1,0,0,0,1,0
La Estrella,Viernes,4,0,0,1172,2.4,3,3550160.0,Lluvia,3,0,1,1,1,0
Aguacatala,Viernes,23,0,0,658,4.4,0,2202236.0,Nublado,1,0,1,0,0,0
Sabaneta,Jueves,7,1,0,1438,12.1,1,4494503.0,Lluvia,3,1,1,0,1,0
Itagui,Martes,9,0,0,706,12.8,1,2014357.0,Soleado,2,1,0,1,0,0
Alpujarra,Martes,13,1,0,3123,8.4,3,10542098.0,Nublado,3,0,1,0,1,0
Sabaneta,Viernes,15,0,0,746,11.5,4,2228956.0,Tormenta,1,0,0,1,0,0
Estadio,Martes,18,1,0,975,17.0,1,3062753.0,Lluvia,3,0,0,1,1,0
Ayura,Martes,2,0,0,1037,6.6,4,3453952.0,Nublado,4,1,1,0,1,1
Santa Lucia,Lunes,9,0,0,784,8.3,2,2428716.0,Lluvia,3,0,1,1,1,0
Hospital,Lunes,23,0,0,623,3.2,4,2159078.0,Lluvia,2,0,1,0,1,0
Acevedo,Jueves,9,0,0,2978,3.9,0,9814335.0,Lluvia,1,1,0,0,0,0
La Estrella,Martes,3,0,0,1975,5.1,3,6138948.0,Tormenta,1,0,0,1,0,0
Cisneros,Lunes,12,1,0,670,14.2,1,1945974.0,Tormenta,3,1,1,0,0,0
Estadio,Jueves,12,1,0,1241,12.5,3,3740084.0,Nublado,1,0,1,0,0,0
San Javier,Martes,5,0,0,1155,8.3,1,3236163.0,Lluvia,4,1,1,1,1,1
Madera,Jueves,7,1,0,2096,12.6,1,6492564.0,Soleado,2,0,1,1,0,0
Caribe,Sabado,19,1,1,826,14.4,2,2602173.0,Soleado,1,0,0,0,0,1
Floresta,Domingo,19,1,1,118,46.2,4,1271550.0,Tormenta,3,1,0,0,1,1
Prado,Jueves,18,1,0,1811,19.0,3,5511910.0,Lluvia,1,0,1,0,0,1
Santa Lucia,Jueves,9,0,0,1133,10.7,0,3533122.0,Soleado,3,1,0,1,1,1
Industriales,Martes,6,1,0,1759,13.2,0,5175841.0,Soleado,3,1,0,0,1,0
Santa Lucia,Domingo,9,0,1,538,4.4,0,1680181.0,Lluvia,2,0,0,1,1,1
Cisneros,Viernes,15,0,0,767,8.2,3,2249939.0,Tormenta,2,1,0,1,0,0
Suramericana,Miercoles,8,1,0,1097,16.8,4,3838657.0,Lluvia,2,0,0,0,1,0
Envigado,Lunes,12,1,0,1216,19.2,1,3891514.0,Tormenta,4,1,1,1,1,1
San Javier,Domingo,4,0,1,470,13.1,2,1602131.0,Tormenta,4,1,0,1,1,0
Madera,Viernes,8,1,0,1731,13.6,2,5879582.0,Soleado,4,1,0,1,1,0
La Estrella,Miercoles,9,0,0,985,6.9,0,3282275.0,Nublado,1,0,0,0,1,0
Niquia,Viernes,10,0,0,2701,6.0,3,7838029.0,Soleado,2,0,1,0,0,1
Sabaneta,Martes,7,1,0,1409,10.4,2,4398474.0,Lluvia,4,1,1,1,1,0
La Estrella,Miercoles,22,0,0,1735,11.7,1,6071739.0,Tormenta,1,0,1,0,0,0
Itagui,Domingo,22,0,1,255,9.5,2,715445.0,Tormenta,1,0,0,0,0,0
Estadio,Lunes,19,1,0,952,13.1,1,3084265.0,Tormenta,1,0,0,1,0,0
Itagui,Domingo,23,0,1,302,5.6,3,882730.0,Lluvia,3,1,0,1,0,1
Suramericana,Domingo,23,0,1,600,13.1,1,1996744.0,Soleado,4,1,1,1,0,0
Envigado,Miercoles,14,1,0,1852,7.0,3,6251782.0,Tormenta,1,0,1,0,0,0
Sabaneta,Miercoles,10,0,0,963,2.5,3,3309418.0,Lluvia,4,1,1,1,0,1
Acevedo,Miercoles,7,1,0,5337,13.9,4,16509416.0,Tormenta,2,1,0,0,1,1
Prado,Viernes,22,0,0,522,7.0,1,1774182.0,Tormenta,3,1,0,1,0,0
Universidad,Martes,14,1,0,1570,13.4,0,4451586.0,Soleado,2,0,1,0,0,0
Itagui,Lunes,7,1,0,1718,17.8,0,5143851.0,Nublado,2,0,0,1,0,0
San Javier,Martes,4,0,0,459,25.0,1,4924298.0,Soleado,2,1,0,0,1,1
Poblado,Sabado,16,0,1,5200,12.9,0,17207165.0,Tormenta,3,1,0,0,1,1
Industriales,Jueves,3,0,0,1029,12.4,0,3528942.0,Lluvia,2,1,1,0,0,0
Exposiciones,Domingo,16,0,1,497,6.8,0,1688287.0,Nublado,2,0,0,0,1,1
San Antonio,Jueves,12,1,0,3128,7.9,2,9577970.0,Tormenta,4,1,0,1,1,0
Floresta,Jueves,4,0,0,900,13.0,4,2727677.0,Lluvia,3,1,1,0,1,0
Acevedo,Jueves,16,0,0,2133,9.5,1,7237466.0,Nublado,3,1,0,1,1,1
Envigado,Sabado,19,1,1,1357,7.1,1,4059180.0,Nublado,3,1,0,1,1,1
Madera,Viernes,23,0,0,393,10.5,1,1203891.0,Lluvia,2,0,0,1,0,0
Bello,Viernes,5,0,0,990,2.8,3,3230724.0,Lluvia,4,1,0,1,1,1
Acevedo,Lunes,21,0,0,3658,9.6,0,10807060.0,Nublado,1,1,0,0,0,0
Universidad,Miercoles,8,1,0,990,11.0,3,2893756.0,Soleado,2,0,0,1,0,1
Floresta,Miercoles,13,1,0,1509,17.2,4,4678653.0,Lluvia,4,1,1,1,1,0
Suramericana,Jueves,14,1,0,670,4.4,3,2152181.0,Nublado,4,1,1,1,0,0
Ayura,Viernes,3,0,0,1094,5.9,1,3244135.0,Soleado,2,0,1,0,0,0
Estadio,Martes,15,0,0,1072,8.4,4,3338459.0,Soleado,3,0,1,1,1,1
Poblado,Jueves,9,0,0,3922,2.5,4,11185283.0,Lluvia,1,1,0,0,0,0
Madera,Jueves,2,0,0,773,8.6,0,2407751.0,Nublado,2,0,0,1,1,0
Poblado,Sabado,10,0,1,5787,2.3,3,20217985.0,Lluvia,2,0,0,1,0,1
Industriales,Lunes,21,0,0,1108,9.2,2,3153521.0,Lluvia,4,1,0,1,1,0
Itagui,Sabado,4,0,1,487,10.0,3,1407560.0,Tormenta,1,0,0,1,0,0
Cisneros,Viernes,21,0,0,961,9.6,4,2934202.0,Tormenta,2,0,1,1,0,0
Hospital,Miercoles,4,0,0,602,11.7,0,1899540.0,Nublado,1,0,0,1,0,1
Tricentenario,Martes,5,0,0,1038,6.9,3,3171100.0,Nublado,4,0,1,1,1,0
Parque Berrio,Viernes,6,1,0,1961,19.2,3,6547008.0,Lluvia,4,1,1,1,0,0
La Estrella,Jueves,11,1,0,3573,7.4,1,10686678.0,Nublado,2,1,0,0,1,1
Alpujarra,Martes,13,1,0,1640,19.3,0,16745416.0,Lluvia,3,1,1,0,0,1
Santa Lucia,Jueves,22,0,0,759,9.0,0,2135297.0,Soleado,2,0,0,0,1,0
Hospital,Miercoles,3,0,0,544,6.7,4,1697269.0,Nublado,4,1,0,1,1,0
Industriales,Miercoles,19,1,0,974,5.8,0,3084112.0,Tormenta,1,0,0,0,1,0
La Estrella,Viernes,11,1,0,1398,3.7,1,4631656.0,Lluvia,3,1,1,0,0,0
Cisneros,Miercoles,14,1,0,1505,4.9,3,4252962.0,Lluvia,2,1,0,1,0,1
Cisneros,Lunes,15,0,0,337,10.6,1,1011094.0,Lluvia,1,0,0,1,0,0
Suramericana,Martes,13,1,0,1824,18.8,2,6350450.0,Soleado,4,1,1,1,0,1
Sabaneta,Jueves,17,1,0,974,8.1,2,2936169.0,Soleado,4,0,1,1,1,0
Sabaneta,Lunes,8,1,0,690,9.5,4,2318929.0,Tormenta,1,0,1,0,0,0
Tricentenario,Martes,7,1,0,1133,12.2,4,3294092.0,Nublado,3,1,0,1,1,0
Exposiciones,Martes,20,0,0,555,13.0,0,1839810.0,Tormenta,4,1,1,1,0,0
Sabaneta,Martes,22,0,0,504,3.2,0,1570681.0,Soleado,4,1,1,1,1,0
Parque Berrio,Sabado,22,0,1,1646,4.4,1,5521418.0,Tormenta,4,1,1,1,1,0
Sabaneta,Viernes,2,0,0,707,13.5,3,2239767.0,Lluvia,1,0,1,0,0,0
Poblado,Miercoles,21,0,0,2025,12.1,4,6576908.0,Soleado,2,1,0,0,1,0
Parque Berrio,Miercoles,5,0,0,1026,4.4,4,3515536.0,Lluvia,3,1,1,1,0,0
Ayura,Martes,5,0,0,475,9.5,4,1442259.0,Soleado,1,1,0,0,0,0
La Estrella,Jueves,8,1,0,3367,13.4,3,11522877.0,Tormenta,3,0,1,1,1,0
Poblado,Viernes,22,0,0,2147,6.9,3,6709610.0,Lluvia,2,0,0,1,0,1
Tricentenario,Miercoles,16,0,0,626,4.6,0,1870006.0,Lluvia,1,1,0,0,0,1
Sabaneta,Domingo,7,1,1,1268,7.9,1,3992660.0,Tormenta,4,1,0,1,1,1
Hospital,Lunes,18,1,0,159,23.1,3,1596013.0,Tormenta,2,0,0,1,0,0
Bello,Viernes,1,0,0,671,8.3,0,2060268.0,Soleado,3,1,0,0,1,1
Alpujarra,Lunes,17,1,0,1002,30.4,4,9454601.0,Lluvia,4,1,0,1,1,0
Caribe,Lunes,19,1,0,1513,16.6,4,4755197.0,Tormenta,4,1,1,1,0,0
Suramericana,Viernes,20,0,0,911,7.4,4,2919157.0,Soleado,4,1,1,1,1,0
Universidad,Viernes,14,1,0,1147,14.3,3,3614511.0,Lluvia,4,1,1,1,0,1
Ayura,Sabado,10,0,1,595,5.8,2,1947499.0,Nublado,3,1,0,0,1,0
Envigado,Lunes,7,1,0,1790,6.1,3,5409252.0,Tormenta,3,1,0,1,0,1
Cisneros,Jueves,4,0,0,343,5.2,0,1043562.0,Lluvia,3,1,1,0,1,0
Tricentenario,Martes,19,1,0,835,17.9,1,2710879.0,Soleado,4,1,0,1,1,0
Industriales,Lunes,15,0,0,966,4.1,2,2921974.0,Nublado,1,0,0,0,0,0
Caribe,Sabado,5,0,1,214,19.5,2,2440810.0,Lluvia,1,0,0,1,0,1
La Estrella,Lunes,16,0,0,1074,11.8,3,3212319.0,Lluvia,3,0,1,1,1,0
Niquia,Domingo,9,0,1,1515,9.3,3,5119023.0,Soleado,1,0,0,0,1,0
Tricentenario,Martes,10,0,0,306,4.9,1,952491.0,Lluvia,3,1,1,1,0,0
Bello,Lunes,3,0,0,614,3.7,4,2115951.0,Nublado,3,1,1,1,0,0
Tricentenario,Martes,4,0,0,1065,13.4,2,3292013.0,Tormenta,4,1,1,1,0,0
Madera,Jueves,3,0,0,1148,8.2,4,3376853.0,Soleado,2,0,0,1,1,0
Santa Lucia,Domingo,15,0,1,520,2.5,1,1642822.0,Tormenta,1,0,0,0,0,0
Floresta,Domingo,12,1,1,963,3.8,3,2928647.0,Tormenta,1,1,0,0,0,0
Parque Berrio,Martes,5,0,0,1084,9.3,3,3319341.0,Lluvia,4,1,0,1,1,0
Caribe,Viernes,12,1,0,2078,16.7,0,7241713.0,Tormenta,4,1,0,1,1,0
Tricentenario,Jueves,6,1,0,632,9.7,0,1876071.0,Soleado,1,0,0,0,1,0
Floresta,Jueves,12,1,0,953,15.3,0,2761884.0,Lluvia,2,0,0,1,0,0
Parque Berrio,Sabado,21,0,1,1048,2.5,4,3579758.0,Tormenta,4,1,1,0,1,0
Santa Lucia,Sabado,13,1,1,743,10.6,1,2236813.0,Tormenta,4,1,1,0,1,0
Prado,Martes,10,0,0,760,11.7,0,2412958.0,Tormenta,1,0,0,1,0,0
Madera,Lunes,18,1,0,380,52.7,2,4396381.0,Nublado,1,0,0,0,1,0
Exposiciones,Sabado,17,1,1,1148,13.6,2,3424591.0,Lluvia,4,1,1,1,1,0
Alpujarra,Martes,13,1,0,7349,15.1,0,21918700.0,Nublado,4,1,1,1,1,1
Itagui,Martes,15,0,0,563,10.7,3,1957301.0,Nublado,4,0,1,1,1,0
Floresta,Martes,15,0,0,855,13.4,0,2707581.0,Soleado,1,1,0,0,0,1
Tricentenario,Miercoles,7,1,0,1613,6.3,3,4937781.0,Soleado,4,1,1,0,1,0
Ayura,Miercoles,17,1,0,555,14.4,3,1867196.0,Nublado,1,1,0,0,0,0
Universidad,Viernes,16,0,0,1134,5.9,3,3237925.0,Lluvia,4,1,1,1,0,0
La Estrella,Sabado,1,0,1,1000,8.3,0,3245724.0,Tormenta,1,0,0,0,1,0
Itagui,Martes,16,0,0,160,8.9,4,1676075.0,Lluvia,3,1,0,0,1,0
Universidad,Martes,4,0,0,378,5.3,4,1122029.0,Soleado,4,1,1,1,0,0
Bello,Jueves,13,1,0,1781,12.8,4,6177222.0,Tormenta,3,1,1,1,0,0
Alpujarra,Sabado,12,1,1,2903,4.0,4,8728641.0,Lluvia,1,1,0,0,0,0
Exposiciones,Miercoles,20,0,0,317,14.7,2,3038437.0,Soleado,3,1,0,1,1,0
Industriales,Lunes,17,1,0,612,8.6,0,1969322.0,Soleado,4,1,1,1,1,0
Itagui,Miercoles,5,0,0,473,3.4,2,1413269.0,Tormenta,2,0,0,1,1,0
Aguacatala,Domingo,11,1,1,665,13.0,3,1911796.0,Lluvia,4,0,1,1,1,1
Cisneros,Domingo,19,1,1,789,6.0,2,2307309.0,Nublado,3,0,0,1,1,0
Exposiciones,Sabado,12,1,1,457,19.5,1,1497680.0,Tormenta,4,1,1,0,1,1
Tricentenario,Viernes,9,0,0,558,9.5,3,1870613.0,Soleado,4,0,1,1,1,0
Santa Lucia,Jueves,19,1,0,774,13.7,2,2257322.0,Soleado,4,1,0,1,1,0
Hospital,Viernes,23,0,0,756,6.2,3,2525524.0,Tormenta,2,1,0,1,0,0
Parque Berrio,Viernes,2,0,0,1151,12.8,1,3503448.0,Lluvia,2,0,0,0,1,1
Acevedo,Miercoles,23,0,0,2806,2.6,0,9448167.0,Nublado,3,1,1,1,0,0
Envigado,Domingo,10,0,1,440,6.5,1,1289407.0,Tormenta,4,1,1,1,1,0
Santa Lucia,Domingo,6,1,1,1463,12.4,4,4287866.0,Lluvia,4,1,1,1,1,1
Sabaneta,Domingo,18,1,1,700,5.5,2,2410154.0,Nublado,2,1,0,1,0,0
Acevedo,Viernes,11,1,0,6085,12.7,4,18672413.0,Tormenta,2,0,1,0,0,0
Tricentenario,Domingo,10,0,1,482,6.0,0,1513107.0,Tormenta,4,0,1,1,1,1
Aguacatala,Jueves,2,0,0,1114,10.7,2,3144696.0,Tormenta,3,0,1,1,1,0
Itagui,Viernes,8,1,0,1634,3.3,3,5200119.0,Lluvia,1,0,1,0,0,0
Poblado,Jueves,11,1,0,6373,4.6,1,18780687.0,Nublado,3,1,0,0,1,0
Cisneros,Miercoles,1,0,0,845,5.1,4,2465595.0,Soleado,3,0,0,1,1,0
Estadio,Miercoles,1,0,0,1187,9.5,1,3531057.0,Nublado,2,0,0,0,1,0
La Estrella,Viernes,12,1,0,1733,17.5,0,5341098.0,Soleado,3,0,1,0,1,0
Floresta,Sabado,20,0,1,607,8.1,1,2110958.0,Nublado,4,0,1,1,1,1
Suramericana,Miercoles,21,0,0,347,3.0,3,975555.0,Soleado,2,0,0,0,1,1
Universidad,Viernes,4,0,0,462,12.0,2,1323786.0,Nublado,1,0,0,1,0,0
Exposiciones,Lunes,9,0,0,739,9.5,0,2069762.0,Tormenta,2,0,1,0,0,0
Niquia,Martes,10,0,0,3229,9.9,3,9201293.0,Lluvia,1,1,0,0,0,0
Parque Berrio,Miercoles,12,1,0,1908,5.0,4,6094732.0,Nublado,2,0,0,1,1,0
Industriales,Miercoles,21,0,0,1180,4.3,0,3419651.0,Nublado,4,1,1,1,1,0
La Estrella,Jueves,7,1,0,1643,13.7,2,4836683.0,Soleado,2,0,0,1,1,0
Aguacatala,Jueves,3,0,0,811,9.3,0,2570708.0,Tormenta,3,0,1,1,1,0
Envigado,Martes,5,0,0,1088,2.7,4,3097833.0,Tormenta,1,1,0,0,0,0
La Estrella,Miercoles,16,0,0,1667,10.0,0,5415043.0,Lluvia,2,1,0,1,0,0
Ayura,Martes,4,0,0,700,8.7,0,2111983.0,Soleado,2,1,1,0,0,1
Acevedo,Jueves,19,1,0,5070,13.7,1,14619903.0,Tormenta,1,0,1,0,0,0
Ayura,Lunes,23,0,0,470,6.2,2,1557136.0,Tormenta,1,0,0,1,0,0
Ayura,Domingo,8,1,1,848,11.0,4,2473461.0,Soleado,1,0,0,0,0,0
Floresta,Jueves,0,0,0,1179,11.9,1,3339149.0,Tormenta,2,1,1,0,0,0
San Antonio,Jueves,13,1,0,4994,12.3,0,15738235.0,Tormenta,2,1,1,0,0,0
Poblado,Domingo,9,0,1,2921,1.9,1,8775024.0,Tormenta,2,0,0,1,1,0
Floresta,Martes,7,1,0,601,3.0,4,1828540.0,Soleado,1,0,0,1,0,1
Floresta,Sabado,3,0,1,669,6.7,0,2328649.0,Tormenta,3,1,0,0,1,0
Poblado,Jueves,18,1,0,5593,16.5,0,17977731.0,Lluvia,2,0,1,1,0,0
Suramericana,Lunes,22,0,0,625,7.1,1,1782676.0,Soleado,1,0,1,0,0,0
Poblado,Miercoles,10,0,0,1994,8.1,1,6213986.0,Nublado,1,1,0,0,0,0
Cisneros,Sabado,22,0,1,390,5.6,0,1286146.0,Lluvia,4,1,1,1,0,0
Niquia,Domingo,14,1,1,2420,5.0,0,6880468.0,Tormenta,2,0,1,0,0,0
San Javier,Miercoles,20,0,0,1992,8.7,0,5607998.0,Soleado,4,1,1,0,1,1
Bello,Viernes,18,1,0,2124,11.0,3,6963001.0,Lluvia,2,0,1,1,0,1
Tricentenario,Sabado,19,1,1,987,11.9,0,2824207.0,Tormenta,4,1,1,1,0,0
Aguacatala,Lunes,15,0,0,263,19.9,3,2627599.0,Soleado,1,0,0,1,0,1
Ayura,Jueves,18,1,0,717,13.7,2,2275459.0,Tormenta,1,0,1,0,0,0
Cisneros,Domingo,5,0,1,161,28.2,2,1854045.0,Tormenta,2,0,1,0,0,0
Caribe,Martes,1,0,0,357,4.5,1,1004580.0,Lluvia,3,1,1,0,0,0
Suramericana,Domingo,1,0,1,304,12.5,0,1031331.0,Tormenta,1,0,0,1,0,0
San Antonio,Miercoles,10,0,0,2145,10.4,3,7194952.0,Nublado,3,1,1,1,0,1
Parque Berrio,Viernes,9,0,0,481,10.3,4,1478652.0,Lluvia,1,0,1,0,0,0
La Estrella,Viernes,3,0,0,1088,5.7,0,3227658.0,Tormenta,2,1,0,1,0,0
Prado,Viernes,7,1,0,1071,4.4,0,3034896.0,Lluvia,4,0,1,1,1,1
Acevedo,Miercoles,18,1,0,3737,16.1,0,11235051.0,Lluvia,1,1,0,0,0,0
Exposiciones,Lunes,23,0,0,860,12.8,0,2611446.0,Tormenta,4,1,0,1,1,0
Bello,Viernes,10,0,0,494,6.6,4,1632881.0,Soleado,3,1,0,1,0,0
Exposiciones,Lunes,17,1,0,697,2.7,0,2095311.0,Nublado,4,1,1,1,1,0
Madera,Domingo,3,0,1,683,7.5,2,1955973.0,Lluvia,2,0,0,1,1,0
Poblado,Jueves,8,1,0,5554,16.7,4,15790842.0,Lluvia,1,1,0,0,0,1
Estadio,Miercoles,7,1,0,1964,11.4,4,6443781.0,Soleado,2,0,0,1,1,1
Santa Lucia,Sabado,16,0,1,331,7.1,1,1152051.0,Soleado,2,1,0,0,1,1
Universidad,Martes,4,0,0,627,12.5,0,1793796.0,Tormenta,3,1,0,1,1,0
Industriales,Martes,4,0,0,408,8.4,0,1366809.0,Tormenta,3,0,1,1,1,1
Bello,Domingo,8,1,1,569,9.4,3,1947517.0,Lluvia,2,1,0,0,1,0
Niquia,Domingo,9,0,1,1993,11.8,0,6937130.0,Tormenta,3,0,1,1,1,0
Universidad,Viernes,6,1,0,1843,11.3,2,6219595.0,Tormenta,2,1,0,1,0,0
Estadio,Viernes,18,1,0,761,16.7,0,2263703.0,Tormenta,3,0,1,1,0,1
La Estrella,Miercoles,21,0,0,1295,6.2,4,4030393.0,Lluvia,4,1,1,1,0,0
Parque Berrio,Miercoles,12,1,0,897,15.8,1,3049780.0,Soleado,2,0,0,1,1,0
Aguacatala,Domingo,20,0,1,677,4.4,4,2277130.0,Tormenta,3,0,1,0,1,0
Universidad,Miercoles,9,0,0,898,3.0,4,3142641.0,Soleado,3,0,1,1,0,1
Madera,Domingo,8,1,1,1349,18.7,2,3955068.0,Lluvia,2,1,0,0,1,0
Floresta,Martes,20,0,0,602,4.8,3,1856098.0,Tormenta,2,0,1,1,0,0
Ayura,Martes,5,0,0,600,2.9,1,1991186.0,Nublado,2,1,0,1,0,0
Hospital,Sabado,13,1,1,651,17.0,3,1847261.0,Nublado,1,0,0,0,1,0
San Javier,Martes,16,0,0,1646,2.4,1,4767072.0,Nublado,4,1,1,0,1,0
Aguacatala,Viernes,20,0,0,620,9.2,0,1932191.0,Tormenta,2,0,1,0,0,0
Tricentenario,Martes,13,1,0,1222,10.7,0,3453870.0,Nublado,3,1,0,1,1,0
San Javier,Viernes,20,0,0,1263,9.9,2,3812321.0,Lluvia,3,1,1,0,1,0
Poblado,Miercoles,19,1,0,6368,19.4,2,22270789.0,Soleado,2,0,1,0,1,0
Hospital,Domingo,6,1,1,849,14.6,0,2600177.0,Soleado,1,0,0,0,0,0
La Estrella,Sabado,1,0,1,1046,3.2,2,3276153.0,Tormenta,1,0,0,1,0,0
San Javier,Miercoles,8,1,0,3173,4.4,4,9145900.0,Nublado,1,0,0,0,1,0
Estadio,Jueves,16,0,0,666,10.0,2,1939566.0,Nublado,2,0,0,1,1,0
Niquia,Miercoles,2,0,0,3851,9.6,1,13342222.0,Lluvia,1,1,0,0,0,0
Poblado,Domingo,8,1,1,3665,3.3,2,11186131.0,Nublado,4,1,0,1,1,0
San Antonio,Jueves,14,1,0,3170,8.4,0,9765325.0,Nublado,3,0,1,0,1,0
Tricentenario,Martes,23,0,0,1164,3.7,3,4001668.0,Nublado,4,1,1,0,1,1
Aguacatala,Jueves,13,1,0,531,13.7,0,1748688.0,Tormenta,2,1,0,1,0,0
Aguacatala,Viernes,21,0,0,452,11.6,4,1547848.0,Tormenta,1,0,1,0,0,1
Caribe,Sabado,15,0,1,327,5.1,4,966578.0,Tormenta,4,1,1,1,0,0
Aguacatala,Domingo,10,0,1,585,2.0,3,1806853.0,Lluvia,1,1,0,0,0,0
La Estrella,Miercoles,14,1,0,2953,16.4,3,8954621.0,Nublado,4,1,0,1,1,0
San Antonio,Martes,20,0,0,3743,7.9,0,10600343.0,Lluvia,2,1,0,0,1,0
Universidad,Lunes,12,1,0,1468,5.8,2,4221140.0,Tormenta,1,0,0,0,1,0
Aguacatala,Viernes,16,0,0,866,12.7,4,2717553.0,Nublado,2,0,1,0,0,0
Exposiciones,Miercoles,19,1,0,1583,9.7,4,5447320.0,Tormenta,3,0,1,1,1,0
Tricentenario,Jueves,19,1,0,2152,17.1,4,6978523.0,Nublado,3,0,1,1,0,0
Santa Lucia,Sabado,11,1,1,1119,9.7,4,3357167.0,Soleado,1,0,0,0,0,0
Exposiciones,Domingo,1,0,1,292,11.0,2,957285.0,Nublado,1,0,0,1,0,0
Alpujarra,Miercoles,3,0,0,3798,6.3,4,12719559.0,Tormenta,3,1,1,0,1,0
Envigado,Martes,0,0,0,507,9.1,3,1714161.0,Nublado,3,0,1,1,0,0
Poblado,Martes,21,0,0,679,29.8,4,6531235.0,Lluvia,3,0,1,1,0,0
San Antonio,Miercoles,22,0,0,1663,3.6,2,5351228.0,Lluvia,3,1,0,1,1,0
Caribe,Miercoles,2,0,0,725,8.2,3,2076662.0,Lluvia,2,0,0,1,0,0
Universidad,Jueves,16,0,0,874,11.4,0,2517387.0,Soleado,2,0,1,0,0,0
Exposiciones,Viernes,12,1,0,1588,3.0,4,5360256.0,Lluvia,4,1,1,0,1,0
Acevedo,Jueves,17,1,0,2838,13.2,1,9664711.0,Tormenta,1,0,1,0,0,0
Floresta,Jueves,4,0,0,770,10.2,0,2203174.0,Nublado,3,1,0,1,0,0
Industriales,Viernes,14,1,0,1232,9.2,0,3910841.0,Soleado,1,0,0,0,0,0
Alpujarra,Lunes,3,0,0,2734,8.9,2,9119782.0,Nublado,4,1,0,1,1,1
Suramericana,Martes,9,0,0,181,28.0,2,2099455.0,Soleado,2,1,0,0,0,1
Envigado,Miercoles,2,0,0,515,10.6,2,1518331.0,Nublado,2,0,1,0,0,0
Universidad,Viernes,5,0,0,1171,10.6,4,3656899.0,Nublado,3,1,0,1,0,1
San Antonio,Miercoles,4,0,0,1909,5.1,0,6548028.0,Lluvia,4,1,0,1,1,0
Industriales,Viernes,0,0,0,552,11.0,3,1652509.0,Lluvia,3,0,1,0,1,0
Aguacatala,Viernes,3,0,0,961,8.9,2,3268457.0,Soleado,2,1,0,1,0,0
Ayura,Jueves,0,0,0,1087,8.7,0,3463308.0,Lluvia,4,1,1,1,0,0
Poblado,Domingo,16,0,1,4631,1.9,1,15715703.0,Tormenta,2,0,1,0,0,0
Caribe,Viernes,18,1,0,1964,18.5,0,5800033.0,Lluvia,1,0,0,1,0,0
Bello,Martes,6,1,0,1209,10.3,0,3418971.0,Lluvia,1,0,0,0,0,0
Itagui,Lunes,18,1,0,1251,8.8,0,3955242.0,Lluvia,2,0,0,0,1,0
Aguacatala,Jueves,19,1,0,1578,10.0,1,4503552.0,Nublado,2,0,1,0,0,0
Sabaneta,Domingo,21,0,1,538,10.2,3,1760691.0,Nublado,2,1,0,0,1,0
Tricentenario,Martes,18,1,0,793,3.3,4,2301925.0,Soleado,2,0,0,0,1,0
Madera,Lunes,14,1,0,2068,6.3,3,6660174.0,Nublado,2,0,0,1,0,0
Poblado,Domingo,18,1,1,5632,2.9,4,19158454.0,Soleado,4,1,1,0,1,0
Madera,Jueves,21,0,0,917,8.1,0,3143364.0,Tormenta,4,1,1,0,1,0
Suramericana,Jueves,12,1,0,1717,17.9,4,4925046.0,Lluvia,4,1,1,1,0,0
Niquia,Martes,23,0,0,3867,7.9,4,10847074.0,Nublado,3,1,0,1,1,1
La Estrella,Lunes,8,1,0,3247,8.8,2,11345859.0,Nublado,2,0,0,0,1,0
Envigado,Domingo,15,0,1,413,10.9,3,1369115.0,Tormenta,1,0,1,0,0,0
Acevedo,Domingo,16,0,1,2136,9.0,0,6221135.0,Nublado,1,1,0,0,0,1
Sabaneta,Lunes,2,0,0,569,4.4,0,1835776.0,Nublado,4,1,0,1,1,1
Poblado,Lunes,6,1,0,3484,12.7,4,11458579.0,Nublado,1,0,0,1,0,0
Caribe,Viernes,8,1,0,1212,9.5,1,3832853.0,Lluvia,1,1,0,0,0,0
Alpujarra,Jueves,7,1,0,6605,12.3,2,19303273.0,Lluvia,1,0,0,0,0,0
Acevedo,Sabado,8,1,1,4394,15.6,2,15259778.0,Lluvia,4,1,1,0,1,0
Exposiciones,Viernes,7,1,0,1855,18.7,4,5889544.0,Tormenta,3,1,1,1,0,0
Madera,Sabado,5,0,1,376,12.3,2,1100909.0,Nublado,2,0,1,0,1,0
Prado,Miercoles,7,1,0,1875,13.1,1,6272357.0,Soleado,1,0,0,0,1,0
Aguacatala,Jueves,19,1,0,1567,17.5,4,5340553.0,Nublado,3,0,1,1,1,0
Ayura,Martes,15,0,0,814,5.9,1,2539710.0,Tormenta,4,1,0,1,1,0
San Antonio,Sabado,19,1,1,2295,10.6,4,6977184.0,Lluvia,4,0,1,1,1,1
Prado,Martes,5,0,0,889,9.8,0,2937763.0,Tormenta,4,1,1,1,1,0
Caribe,Lunes,15,0,0,1169,9.2,4,3862835.0,Soleado,3,1,1,1,0,0
Bello,Lunes,8,1,0,2103,10.2,2,6270806.0,Soleado,3,1,1,1,0,0
San Javier,Viernes,6,1,0,2318,14.0,3,7747500.0,Lluvia,1,0,0,0,1,1
La Estrella,Domingo,5,0,1,1146,8.5,0,3272264.0,Lluvia,3,0,0,1,1,1
Prado,Sabado,11,1,1,865,4.7,1,2822855.0,Nublado,1,0,1,0,0,1
Acevedo,Martes,2,0,0,3746,2.4,3,11862788.0,Nublado,1,0,0,1,0,0
La Estrella,Sabado,9,0,1,941,7.0,1,2721272.0,Lluvia,1,1,0,0,0,0
Aguacatala,Jueves,17,1,0,1483,19.0,4,4336182.0,Nublado,4,0,1,1,1,0
Poblado,Sabado,11,1,1,5279,11.4,1,16051958.0,Tormenta,1,0,0,0,1,0
Niquia,Sabado,9,0,1,1015,4.0,4,3152564.0,Tormenta,4,1,1,0,1,0
Ayura,Lunes,22,0,0,591,9.4,4,1989404.0,Nublado,1,0,1,0,0,0
Acevedo,Domingo,14,1,1,3131,8.0,1,8875579.0,Lluvia,2,1,0,1,0,0
Santa Lucia,Miercoles,23,0,0,538,2.9,0,1692282.0,Soleado,3,0,1,1,1,0
Madera,Domingo,1,0,1,675,8.2,1,1980811.0,Tormenta,4,1,0,1,1,1
Hospital,Sabado,6,1,1,1301,19.2,3,3997174.0,Soleado,3,1,1,1,0,0
Aguacatala,Domingo,9,0,1,512,11.9,1,1782421.0,Soleado,4,1,1,1,1,1
Suramericana,Lunes,0,0,0,895,11.0,3,2937287.0,Nublado,1,0,1,0,0,1
Madera,Jueves,19,1,0,1952,3.6,1,6423895.0,Lluvia,2,0,1,0,1,0
Suramericana,Miercoles,23,0,0,321,9.9,2,1061572.0,Tormenta,1,0,0,0,1,0
Envigado,Martes,15,0,0,880,4.0,2,2663387.0,Tormenta,2,1,1,0,0,0
Cisneros,Jueves,17,1,0,1146,13.4,3,3797340.0,Soleado,3,0,1,0,1,1
Universidad,Viernes,21,0,0,1084,8.3,4,3250038.0,Soleado,3,1,0,1,0,0
Cisneros,Sabado,5,0,1,269,4.0,0,860722.0,Nublado,4,1,1,1,0,0
Niquia,Jueves,20,0,0,1827,7.3,0,5577188.0,Soleado,4,1,1,1,0,0
Cisneros,Jueves,2,0,0,831,2.9,1,2636067.0,Tormenta,2,0,1,0,0,0
Estadio,Domingo,18,1,1,1197,17.5,1,4015604.0,Lluvia,3,0,1,0,1,0
Alpujarra,Jueves,20,0,0,2824,8.9,4,8985794.0,Tormenta,3,0,1,1,1,0
Floresta,Sabado,9,0,1,448,12.2,0,1348585.0,Nublado,3,1,0,1,1,0
Bello,Domingo,11,1,1,551,6.8,2,1855631.0,Lluvia,4,1,1,1,0,1
Caribe,Domingo,22,0,1,629,2.2,4,1929195.0,Soleado,3,0,1,1,1,0
Floresta,Lunes,19,1,0,1792,9.1,2,5675386.0,Nublado,2,0,1,1,0,0
San Javier,Lunes,14,1,0,2151,15.9,1,6221837.0,Tormenta,1,0,0,0,0,0
Madera,Jueves,16,0,0,1092,10.0,1,3425217.0,Nublado,4,1,1,1,0,0
Prado,Sabado,10,0,1,291,6.8,2,853603.0,Nublado,1,0,0,1,0,0
Sabaneta,Viernes,19,1,0,1143,16.4,1,3748756.0,Soleado,1,1,0,0,0,0
Sabaneta,Lunes,9,0,0,651,9.9,0,1961842.0,Lluvia,3,1,1,0,0,1
Sabaneta,Viernes,22,0,0,685,8.6,4,1938850.0,Tormenta,3,1,1,1,0,0
Madera,Viernes,21,0,0,293,33.7,2,3330088.0,Lluvia,4,1,1,1,1,1
Sabaneta,Martes,2,0,0,503,7.7,3,1605818.0,Lluvia,1,0,1,0,0,0
Aguacatala,Lunes,23,0,0,318,5.9,2,969507.0,Soleado,3,1,1,1,0,0
Hospital,Miercoles,10,0,0,972,3.4,3,3075896.0,Nublado,2,0,1,0,1,1
Parque Berrio,Jueves,10,0,0,855,3.3,1,2741747.0,Nublado,2,0,1,1,0,1
Estadio,Domingo,20,0,1,325,8.0,0,951891.0,Tormenta,2,1,0,1,0,1
Parque Berrio,Viernes,23,0,0,136,32.6,0,1315897.0,Nublado,3,0,1,1,0,0
San Javier,Martes,11,1,0,2783,16.9,3,9179484.0,Nublado,4,1,0,1,1,0
Bello,Martes,0,0,0,722,4.4,1,2404580.0,Tormenta,4,0,1,1,1,0
Industriales,Domingo,1,0,1,615,9.0,4,1977633.0,Soleado,1,0,0,0,0,1
Poblado,Miercoles,7,1,0,2952,11.3,0,8657907.0,Tormenta,3,1,0,1,1,0
Sabaneta,Martes,22,0,0,774,11.5,3,2216201.0,Tormenta,2,0,1,0,0,1
San Antonio,Martes,0,0,0,3358,8.7,1,11476918.0,Soleado,3,1,1,0,1,1
La Estrella,Sabado,2,0,1,1262,3.7,4,3869828.0,Nublado,3,1,1,0,0,0
Estadio,Miercoles,1,0,0,615,5.4,3,1846320.0,Lluvia,2,1,1,0,0,0
Poblado,Viernes,15,0,0,3990,12.1,1,11777729.0,Nublado,4,1,0,1,1,0
Sabaneta,Martes,17,1,0,557,3.5,2,1573918.0,Soleado,3,1,0,1,1,1
Caribe,Lunes,21,0,0,925,9.5,4,2960553.0,Lluvia,4,1,0,1,1,0
Alpujarra,Lunes,2,0,0,3754,2.6,3,10864759.0,Nublado,3,0,0,1,1,0
Sabaneta,Jueves,3,0,0,795,10.3,4,2745711.0,Lluvia,3,0,1,1,1,0
Sabaneta,Jueves,15,0,0,804,11.3,4,2382176.0,Soleado,2,1,0,0,0,1
La Estrella,Domingo,23,0,1,1029,5.7,4,3461793.0,Soleado,2,0,0,1,0,0
Parque Berrio,Miercoles,17,1,0,1630,14.2,2,5015892.0,Nublado,1,0,1,0,0,0
Cisneros,Lunes,21,0,0,785,11.1,1,2462582.0,Soleado,3,0,0,1,1,0
Itagui,Domingo,10,0,1,345,5.7,2,981990.0,Tormenta,1,0,0,1,0,0
Itagui,Viernes,12,1,0,1416,15.8,2,4663860.0,Tormenta,1,0,0,1,0,0
Aguacatala,Viernes,11,1,0,2269,6.3,2,6631173.0,Soleado,1,0,1,0,0,1
Ayura,Lunes,15,0,0,494,5.8,3,1636478.0,Nublado,3,1,1,1,0,0
Floresta,Domingo,14,1,1,1064,7.9,0,3490917.0,Tormenta,1,0,0,1,0,0
Acevedo,Miercoles,21,0,0,1592,8.6,2,5169535.0,Lluvia,2,0,1,1,0,0
Estadio,Jueves,21,0,0,579,3.5,2,1667591.0,Lluvia,1,0,1,0,0,0
Prado,Viernes,22,0,0,887,4.7,0,2676934.0,Soleado,4,1,1,0,1,0
Exposiciones,Martes,2,0,0,701,3.9,4,2400149.0,Nublado,4,0,1,1,1,0
Estadio,Miercoles,18,1,0,753,18.1,3,2159667.0,Lluvia,4,1,1,1,1,0
Exposiciones,Viernes,22,0,0,332,29.4,2,3450849.0,Lluvia,3,1,0,0,1,0
Sabaneta,Miercoles,4,0,0,715,11.4,0,2165098.0,Tormenta,3,0,1,0,1,0
Sabaneta,Lunes,17,1,0,1341,8.4,4,4159519.0,Soleado,3,1,1,0,0,1
Acevedo,Viernes,19,1,0,5034,16.5,1,15180656.0,Tormenta,1,0,0,0,0,0
Aguacatala,Jueves,21,0,0,392,4.3,1,1341065.0,Nublado,1,0,1,0,0,1
Envigado,Viernes,12,1,0,801,17.4,2,2562554.0,Soleado,3,1,0,1,1,1
Tricentenario,Sabado,1,0,1,681,1.8,4,2298053.0,Tormenta,3,1,1,0,1,0
Santa Lucia,Martes,12,1,0,1320,13.8,3,3824500.0,Nublado,3,0,1,0,1,0
Niquia,Jueves,20,0,0,2089,10.2,3,6811286.0,Tormenta,2,1,1,0,0,1
Suramericana,Martes,19,1,0,1491,11.2,4,5030709.0,Soleado,2,0,1,0,1,1
Floresta,Viernes,22,0,0,720,12.6,4,2200953.0,Soleado,4,1,1,1,0,0
Floresta,Sabado,8,1,1,977,4.1,3,3166910.0,Lluvia,1,0,0,0,0,0
San Antonio,Miercoles,0,0,0,3359,7.8,3,10754765.0,Soleado,3,1,0,1,0,0
Floresta,Jueves,8,1,0,1639,5.5,0,5342196.0,Tormenta,1,0,0,1,0,0
Tricentenario,Martes,2,0,0,558,3.4,2,1669900.0,Nublado,1,0,0,0,0,0
San Javier,Domingo,11,1,1,1440,5.7,4,4900911.0,Nublado,1,0,1,0,0,1
Estadio,Jueves,12,1,0,1678,13.4,1,5377034.0,Soleado,1,0,0,1,0,0
Caribe,Martes,12,1,0,1056,18.6,4,3129522.0,Soleado,4,1,1,1,1,0
Suramericana,Lunes,12,1,0,1550,3.3,4,5031605.0,Lluvia,4,0,1,1,1,0
Prado,Martes,18,1,0,1456,15.3,4,4862091.0,Soleado,2,1,0,1,0,0
Niquia,Miercoles,3,0,0,997,15.5,2,9899265.0,Nublado,1,0,0,0,0,0
Santa Lucia,Lunes,2,0,0,684,9.5,4,2299772.0,Lluvia,1,0,1,0,0,0
Poblado,Viernes,2,0,0,2632,10.8,2,7843717.0,Lluvia,3,1,1,0,1,0
Prado,Viernes,5,0,0,371,7.6,1,1197295.0,Nublado,4,1,1,1,1,0
Poblado,Martes,3,0,0,539,6.6,2,6012631.0,Tormenta,1,1,0,0,0,0
Tricentenario,Jueves,10,0,0,888,1.8,3,2783611.0,Nublado,1,0,0,0,0,0
Exposiciones,Viernes,15,0,0,880,8.1,2,2669399.0,Lluvia,1,1,0,0,0,0
Madera,Domingo,9,0,1,319,13.1,1,959938.0,Tormenta,1,0,0,1,0,0
La Estrella,Miercoles,23,0,0,1086,2.2,0,3587946.0,Tormenta,4,1,1,1,1,1
Niquia,Domingo,10,0,1,2122,2.3,0,6256027.0,Soleado,4,1,1,1,0,0
Floresta,Viernes,15,0,0,782,12.4,4,2214672.0,Soleado,2,1,1,0,0,0
Cisneros,Miercoles,14,1,0,2073,16.4,0,5970086.0,Tormenta,2,1,1,0,0,0
Suramericana,Domingo,12,1,1,565,4.9,1,1884252.0,Nublado,3,1,1,0,0,1
Caribe,Martes,11,1,0,1214,12.4,1,3484153.0,Soleado,4,1,1,0,1,0
Caribe,Sabado,22,0,1,514,11.1,3,1688311.0,Nublado,3,0,1,0,1,0
Sabaneta,Domingo,1,0,1,201,28.9,2,2045230.0,Soleado,1,0,0,0,0,0
Estadio,Sabado,16,0,1,566,9.5,2,1605826.0,Nublado,2,0,0,0,1,0
San Javier,Jueves,1,0,0,1383,4.3,2,4196031.0,Nublado,4,1,0,1,1,0
Suramericana,Miercoles,15,0,0,372,12.3,3,1195941.0,Soleado,2,0,1,1,0,0
Hospital,Jueves,7,1,0,1903,17.7,0,5955806.0,Nublado,4,0,1,1,1,1
Alpujarra,Martes,14,1,0,5899,6.0,1,16649728.0,Tormenta,3,1,1,0,0,1
Caribe,Miercoles,7,1,0,1448,16.0,4,4972294.0,Tormenta,2,1,0,0,1,0
Itagui,Domingo,14,1,1,421,6.8,2,1306773.0,Tormenta,2,1,0,0,0,0
Bello,Viernes,23,0,0,735,8.0,3,2474599.0,Tormenta,1,0,0,0,1,0
Madera,Lunes,0,0,0,523,3.4,2,1551921.0,Lluvia,1,0,0,0,1,0
Santa Lucia,Domingo,18,1,1,717,14.5,1,2404030.0,Soleado,4,1,1,1,0,0
Industriales,Lunes,22,0,0,1106,9.8,4,3778752.0,Lluvia,1,0,0,0,0,0
Acevedo,Miercoles,11,1,0,2805,5.6,4,9238019.0,Nublado,2,0,1,1,0,0
La Estrella,Martes,23,0,0,1261,5.5,2,3975298.0,Lluvia,1,1,0,0,0,0
Poblado,Sabado,16,0,1,5668,9.7,4,19439063.0,Soleado,3,1,1,0,1,0
Exposiciones,Miercoles,9,0,0,411,3.7,0,1351351.0,Lluvia,2,1,0,0,0,1
San Javier,Domingo,4,0,1,945,10.4,0,2838838.0,Tormenta,2,0,0,1,0,0
La Estrella,Jueves,10,0,0,1885,11.7,3,5882340.0,Tormenta,3,1,1,1,0,0
Parque Berrio,Sabado,4,0,1,903,3.7,1,2978336.0,Nublado,2,0,1,0,0,0
Bello,Jueves,18,1,0,1224,5.7,4,4033073.0,Nublado,3,0,1,1,0,0
Acevedo,Lunes,12,1,0,4135,18.3,1,11590430.0,Nublado,3,0,1,1,1,1
San Antonio,Viernes,3,0,0,499,9.0,4,4795337.0,Soleado,2,0,0,1,1,0
Bello,Sabado,20,0,1,590,10.9,2,1732831.0,Lluvia,4,1,1,0,1,0
San Javier,Viernes,12,1,0,2822,8.9,2,8582955.0,Tormenta,4,1,1,0,1,1
Parque Berrio,Martes,23,0,0,1046,12.3,1,3540562.0,Tormenta,2,0,1,1,0,0
Madera,Jueves,12,1,0,521,18.1,3,1522583.0,Tormenta,2,0,1,0,0,0
Envigado,Martes,1,0,0,1154,8.6,3,3682987.0,Nublado,1,1,0,0,0,0
Parque Berrio,Lunes,20,0,0,427,9.4,2,1320288.0,Lluvia,2,1,0,0,0,1
Madera,Lunes,23,0,0,895,7.4,3,3050019.0,Lluvia,4,1,0,1,1,0
Itagui,Jueves,4,0,0,772,12.1,1,2354731.0,Lluvia,3,1,0,1,1,0
Ayura,Lunes,2,0,0,1084,9.1,0,3489541.0,Lluvia,3,0,1,1,0,0
Envigado,Viernes,11,1,0,490,7.4,3,1513314.0,Nublado,2,1,1,0,0,0
Cisneros,Lunes,17,1,0,1257,3.9,1,4332108.0,Lluvia,3,0,1,1,1,0
Santa Lucia,Jueves,0,0,0,527,3.3,1,1729421.0,Tormenta,2,1,1,0,0,0
Madera,Viernes,15,0,0,343,4.1,0,1150813.0,Soleado,1,0,0,0,1,0
Bello,Lunes,9,0,0,1072,2.9,0,3692042.0,Soleado,2,0,1,1,0,0
Tricentenario,Viernes,18,1,0,1042,11.1,4,3093985.0,Soleado,1,0,0,0,0,0
Santa Lucia,Miercoles,9,0,0,1072,8.1,0,3695144.0,Nublado,4,1,1,1,1,0
Exposiciones,Miercoles,6,1,0,1115,19.2,0,3485636.0,Soleado,4,1,0,1,1,0
Aguacatala,Sabado,12,1,1,819,19.1,3,2422693.0,Nublado,4,1,1,1,0,0
San Javier,Martes,21,0,0,1611,6.9,0,4645242.0,Soleado,1,0,1,0,0,0
Universidad,Lunes,6,1,0,686,9.8,3,2054545.0,Tormenta,3,0,1,1,1,1
Ayura,Viernes,4,0,0,410,3.2,3,1290718.0,Soleado,2,1,0,0,0,0
Aguacatala,Domingo,0,0,1,470,5.6,2,1520627.0,Tormenta,1,0,0,0,0,1
Universidad,Sabado,21,0,1,522,8.1,4,1661335.0,Soleado,1,0,0,0,1,1
Poblado,Miercoles,12,1,0,5133,5.6,2,17551216.0,Tormenta,4,0,1,1,1,0
Itagui,Viernes,15,0,0,787,8.4,1,2482733.0,Lluvia,4,0,1,1,1,0
Bello,Miercoles,18,1,0,826,8.5,4,2328353.0,Lluvia,3,1,1,0,1,0
Industriales,Domingo,1,0,1,315,5.5,0,1082741.0,Soleado,3,1,0,1,0,0
Bello,Domingo,21,0,1,576,6.7,0,1893410.0,Soleado,3,0,1,0,1,1
Acevedo,Sabado,21,0,1,1866,11.3,2,5442448.0,Nublado,4,1,1,1,1,0
Prado,Sabado,9,0,1,637,10.5,0,2103625.0,Tormenta,3,1,0,1,0,1
Universidad,Viernes,2,0,0,816,11.2,3,2663766.0,Nublado,4,0,1,1,1,0
La Estrella,Sabado,16,0,1,1287,9.5,3,3844984.0,Lluvia,4,1,0,1,1,1
Tricentenario,Domingo,4,0,1,734,5.5,0,2380912.0,Nublado,3,0,1,1,1,1
Hospital,Viernes,4,0,0,328,4.7,2,1024971.0,Lluvia,4,1,0,1,1,0
Niquia,Martes,8,1,0,3313,10.8,0,9404709.0,Tormenta,3,1,0,1,0,0
San Javier,Miercoles,2,0,0,1087,4.6,4,3602466.0,Soleado,3,1,0,0,1,0
San Antonio,Lunes,23,0,0,2466,12.7,1,7153853.0,Soleado,3,0,1,0,1,1
Envigado,Viernes,22,0,0,624,8.2,3,2045420.0,Lluvia,2,0,0,1,1,0
Niquia,Jueves,19,1,0,3179,15.9,1,9464163.0,Tormenta,3,1,1,0,1,0
Exposiciones,Domingo,9,0,1,830,5.3,1,2856133.0,Tormenta,4,1,1,1,0,1
Cisneros,Viernes,22,0,0,1197,12.5,0,4042365.0,Tormenta,1,0,0,1,0,0
Poblado,Lunes,0,0,0,2252,9.2,1,6310449.0,Nublado,3,1,0,1,1,0
Ayura,Sabado,4,0,1,868,7.1,1,2588789.0,Tormenta,3,1,1,1,0,0
Caribe,Lunes,12,1,0,633,18.2,4,2050059.0,Soleado,4,1,1,1,1,1
Sabaneta,Viernes,19,1,0,698,8.8,4,2011737.0,Nublado,4,1,0,1,1,0
Cisneros,Sabado,9,0,1,372,11.8,4,1097734.0,Tormenta,2,0,1,0,1,0
Niquia,Jueves,8,1,0,6538,8.8,3,18698792.0,Tormenta,3,0,1,1,1,1
Floresta,Domingo,8,1,1,364,18.3,3,1250616.0,Lluvia,1,1,0,0,0,1
Parque Berrio,Martes,21,0,0,435,13.1,4,1230523.0,Lluvia,2,0,0,0,1,1
Tricentenario,Sabado,10,0,1,257,5.5,1,809408.0,Lluvia,3,0,1,1,1,0
Ayura,Martes,13,1,0,1164,10.9,1,3711964.0,Nublado,4,1,1,1,0,0
Bello,Viernes,8,1,0,1771,4.6,3,5009369.0,Soleado,4,1,0,1,1,0
Madera,Martes,9,0,0,1154,3.8,4,3895673.0,Nublado,2,1,0,0,0,1
Madera,Miercoles,15,0,0,636,2.1,0,1956284.0,Nublado,1,0,0,1,0,0
Madera,Domingo,22,0,1,157,13.0,0,1594095.0,Lluvia,4,1,1,1,0,0
Suramericana,Miercoles,23,0,0,860,12.9,3,2463716.0,Soleado,2,1,0,0,1,0
Caribe,Viernes,12,1,0,1804,13.7,0,5428205.0,Soleado,3,0,1,0,1,0
Ayura,Domingo,15,0,1,448,8.4,3,1282694.0,Tormenta,3,0,1,0,1,0
Bello,Sabado,10,0,1,562,9.8,1,1939725.0,Tormenta,1,0,0,1,0,1
Madera,Martes,9,0,0,430,9.8,2,1457303.0,Soleado,3,1,0,1,0,0
Ayura,Martes,16,0,0,722,2.9,4,2432402.0,Soleado,1,0,0,0,0,0
Floresta,Viernes,14,1,0,1758,9.2,0,5434639.0,Tormenta,3,0,0,1,1,0
San Antonio,Domingo,6,1,1,696,41.5,0,7206697.0,Tormenta,1,0,1,0,0,1
Santa Lucia,Domingo,21,0,1,418,13.2,2,1372488.0,Soleado,4,1,0,1,1,0
Acevedo,Jueves,22,0,0,1609,4.2,1,5237002.0,Tormenta,2,1,0,1,0,0
Aguacatala,Martes,0,0,0,470,12.4,3,1633112.0,Tormenta,4,1,1,0,1,0
San Antonio,Domingo,3,0,1,2416,10.4,4,8001200.0,Tormenta,1,0,0,0,1,1
Ayura,Jueves,23,0,0,537,10.2,4,1510749.0,Tormenta,1,0,0,1,0,1
Acevedo,Jueves,19,1,0,6167,3.0,2,20402572.0,Tormenta,4,0,1,1,1,0
Parque Berrio,Miercoles,12,1,0,2272,13.6,2,7627515.0,Lluvia,2,0,1,0,0,0
San Javier,Viernes,4,0,0,1208,3.6,3,3467724.0,Soleado,4,1,1,1,0,0
Prado,Miercoles,21,0,0,478,11.5,4,1349097.0,Tormenta,4,1,1,1,0,0
San Antonio,Martes,1,0,0,2119,11.8,4,6829543.0,Tormenta,1,0,0,0,1,0
Acevedo,Domingo,19,1,1,3074,13.2,1,10567459.0,Soleado,3,0,0,1,1,0
La Estrella,Domingo,10,0,1,237,19.7,3,2647394.0,Soleado,4,1,0,1,1,0
Alpujarra,Viernes,11,1,0,3978,11.6,1,11522659.0,Nublado,4,1,1,1,1,0
Santa Lucia,Lunes,2,0,0,646,5.5,1,2005087.0,Soleado,1,0,1,0,0,0
Industriales,Viernes,21,0,0,1038,10.5,2,2912142.0,Nublado,2,0,0,0,1,1
Santa Lucia,Jueves,20,0,0,1094,4.1,2,3127742.0,Lluvia,4,1,1,1,1,0
Estadio,Sabado,5,0,1,251,8.1,2,745203.0,Lluvia,4,1,0,1,1,0
La Estrella,Miercoles,11,1,0,1684,18.5,3,5066437.0,Lluvia,4,1,1,1,0,0
Parque Berrio,Lunes,22,0,0,1031,6.2,1,2962742.0,Soleado,2,0,0,1,1,0
Santa Lucia,Miercoles,13,1,0,603,17.6,3,1779060.0,Tormenta,4,0,1,1,1,1
Santa Lucia,Lunes,23,0,0,1143,3.7,4,3302112.0,Nublado,2,1,0,0,0,1
Aguacatala,Viernes,23,0,0,872,6.1,0,2808817.0,Lluvia,1,0,0,1,0,0
Ayura,Jueves,3,0,0,183,28.7,2,1839542.0,Nublado,4,1,1,1,0,1
Niquia,Martes,17,1,0,3436,9.7,4,10365695.0,Nublado,3,0,0,1,1,0
Ayura,Sabado,14,1,1,1288,8.1,4,4205515.0,Soleado,2,0,0,1,1,1
Floresta,Viernes,20,0,0,1186,3.7,0,3795670.0,Soleado,3,1,0,1,0,0
Sabaneta,Domingo,18,1,1,1126,11.1,0,3247607.0,Nublado,2,1,0,1,0,0
Cisneros,Domingo,18,1,1,500,9.4,0,1572016.0,Soleado,3,0,1,0,1,0
Exposiciones,Lunes,2,0,0,401,8.1,2,1163230.0,Lluvia,1,0,1,0,0,1
San Javier,Viernes,1,0,0,1171,2.1,0,3523091.0,Lluvia,2,0,0,1,1,1
Cisneros,Lunes,1,0,0,545,10.6,4,1616221.0,Tormenta,4,1,1,1,0,1
Madera,Viernes,0,0,0,948,4.5,0,2833014.0,Nublado,1,0,1,0,0,0
Itagui,Lunes,14,1,0,2119,6.0,1,6486924.0,Tormenta,2,0,0,0,1,0
Niquia,Martes,19,1,0,3278,18.4,3,9805521.0,Soleado,4,0,1,1,1,0
Floresta,Miercoles,18,1,0,937,14.4,1,3099176.0,Lluvia,4,0,1,1,1,1
Prado,Martes,21,0,0,649,4.3,4,1966418.0,Soleado,2,1,0,0,1,0
San Javier,Domingo,13,1,1,2088,13.6,0,6633690.0,Tormenta,4,1,1,1,1,0
Cisneros,Martes,0,0,0,773,6.1,1,2404961.0,Lluvia,1,0,0,1,0,0
Madera,Martes,20,0,0,1127,10.2,1,3928816.0,Tormenta,1,0,0,1,0,0
Niquia,Viernes,20,0,0,1954,12.0,4,6155545.0,Soleado,2,0,1,0,0,0
Floresta,Lunes,4,0,0,883,11.8,4,2922932.0,Lluvia,1,0,0,0,0,1
Niquia,Jueves,20,0,0,2823,6.9,3,8445922.0,Nublado,4,1,0,1,1,0
Prado,Lunes,17,1,0,936,5.9,0,3197441.0,Nublado,2,1,0,0,1,0
Caribe,Miercoles,9,0,0,941,9.1,0,2950954.0,Tormenta,3,1,1,1,0,0
San Antonio,Martes,10,0,0,1798,10.9,4,5586333.0,Soleado,4,1,0,1,1,1
San Antonio,Lunes,2,0,0,1753,12.6,3,4975631.0,Soleado,4,1,0,1,1,0
Exposiciones,Viernes,3,0,0,538,11.9,4,1510394.0,Tormenta,4,1,1,0,1,0
Itagui,Miercoles,3,0,0,312,8.8,0,1003086.0,Lluvia,2,0,0,1,0,1
Aguacatala,Viernes,14,1,0,859,3.3,1,2592605.0,Tormenta,3,1,1,1,0,0
Sabaneta,Miercoles,9,0,0,308,7.9,1,874758.0,Lluvia,1,0,0,0,1,0
Universidad,Lunes,6,1,0,1034,10.6,3,3329308.0,Lluvia,3,0,1,1,0,0
Acevedo,Jueves,1,0,0,2398,12.6,1,7878040.0,Lluvia,2,0,1,0,1,1
Universidad,Jueves,5,0,0,671,1.9,2,1892899.0,Lluvia,3,0,1,1,1,0
Niquia,Sabado,6,1,1,2060,5.5,4,6122680.0,Soleado,2,1,0,1,0,0
Exposiciones,Martes,3,0,0,515,5.4,1,1575255.0,Soleado,2,0,0,0,1,0
Tricentenario,Sabado,6,1,1,873,12.7,1,3007231.0,Nublado,2,0,0,1,0,0
Hospital,Martes,20,0,0,1193,3.3,4,4149098.0,Soleado,2,1,0,0,1,0
Ayura,Viernes,20,0,0,810,7.9,1,2450474.0,Soleado,4,0,1,1,1,0
Hospital,Lunes,14,1,0,1134,9.8,3,3628754.0,Soleado,3,1,0,1,1,0
Poblado,Martes,11,1,0,5916,11.3,2,18329375.0,Tormenta,4,0,1,1,1,0
Caribe,Viernes,7,1,0,1476,17.8,2,5003378.0,Nublado,1,0,0,1,0,0
Acevedo,Jueves,11,1,0,5978,5.9,2,17784649.0,Lluvia,3,0,1,1,0,0
Estadio,Martes,9,0,0,1101,13.5,3,3716209.0,Nublado,1,0,0,0,1,1
Hospital,Domingo,23,0,1,447,8.7,4,1488660.0,Tormenta,4,1,1,1,1,1
Universidad,Miercoles,14,1,0,321,48.8,2,3706032.0,Tormenta,3,0,1,1,1,1
Estadio,Sabado,17,1,1,760,3.1,1,2209764.0,Nublado,3,0,1,0,1,1
Madera,Miercoles,12,1,0,1221,12.2,3,3964956.0,Soleado,2,1,1,0,0,1
Niquia,Domingo,6,1,1,2882,13.7,0,8986839.0,Lluvia,1,0,1,0,0,1
Exposiciones,Sabado,3,0,1,531,10.5,3,1841809.0,Tormenta,2,0,1,1,0,1
Caribe,Jueves,18,1,0,432,31.5,3,4315630.0,Nublado,1,0,0,0,1,0
Itagui,Martes,14,1,0,1350,4.1,3,4107709.0,Nublado,3,0,1,0,1,0
Sabaneta,Domingo,14,1,1,1039,9.3,0,3083530.0,Soleado,3,0,0,1,1,0
Aguacatala,Miercoles,17,1,0,1041,4.4,2,3213637.0,Tormenta,2,1,0,0,0,0
Madera,Lunes,22,0,0,690,5.8,3,2345338.0,Soleado,1,0,0,1,0,0
San Antonio,Miercoles,23,0,0,3485,7.2,0,11095891.0,Nublado,4,1,1,0,1,0
Sabaneta,Viernes,5,0,0,427,8.1,3,1245951.0,Nublado,1,0,0,1,0,1
Alpujarra,Miercoles,6,1,0,5917,14.4,4,19222608.0,Lluvia,1,0,0,0,1,1
Bello,Lunes,0,0,0,1090,6.2,1,3760690.0,Soleado,2,1,1,0,0,1
Niquia,Miercoles,10,0,0,1758,4.4,0,5903095.0,Tormenta,2,1,1,0,0,0
Cisneros,Martes,10,0,0,939,4.2,4,2888876.0,Lluvia,2,1,1,0,0,0
Caribe,Miercoles,12,1,0,528,10.4,0,1721583.0,Tormenta,3,1,0,0,1,0
Estadio,Lunes,15,0,0,1029,8.1,4,3004702.0,Nublado,3,0,1,0,1,0
San Javier,Jueves,2,0,0,836,8.9,4,2603503.0,Nublado,2,1,0,0,0,0
Sabaneta,Miercoles,9,0,0,1055,6.8,1,3411697.0,Nublado,3,1,0,1,1,1
Universidad,Martes,1,0,0,1042,8.8,3,3456813.0,Tormenta,3,1,0,1,0,0
Estadio,Lunes,7,1,0,1053,11.7,1,3539150.0,Lluvia,2,0,0,0,1,0
Poblado,Miercoles,0,0,0,3513,2.6,1,9964536.0,Nublado,2,1,1,0,0,0
Hospital,Miercoles,2,0,0,1042,7.3,1,3443989.0,Lluvia,2,0,1,0,0,0
Itagui,Lunes,20,0,0,578,11.9,3,1650774.0,Tormenta,4,0,1,1,1,1
Estadio,Viernes,15,0,0,1080,6.3,0,3597697.0,Lluvia,2,0,1,0,0,1
Poblado,Viernes,14,1,0,5407,10.7,2,15656831.0,Soleado,2,1,1,0,0,0
Aguacatala,Domingo,13,1,1,1155,13.4,4,3291593.0,Nublado,1,0,0,0,1,0
Estadio,Martes,8,1,0,1522,13.3,2,5003604.0,Lluvia,4,1,1,0,1,0
Santa Lucia,Domingo,20,0,1,386,12.8,1,1149509.0,Soleado,2,1,0,0,0,1
Exposiciones,Domingo,18,1,1,1237,5.4,3,3682561.0,Soleado,4,0,1,1,1,0
La Estrella,Martes,11,1,0,759,39.7,3,8321945.0,Tormenta,4,1,1,0,1,0
Floresta,Sabado,5,0,1,379,3.4,3,1109480.0,Soleado,4,1,1,1,0,0
Suramericana,Miercoles,8,1,0,1361,13.2,1,3886835.0,Soleado,1,0,0,1,0,0
Niquia,Lunes,7,1,0,6403,4.3,0,19121001.0,Nublado,1,1,0,0,0,0
Exposiciones,Miercoles,16,0,0,797,7.3,2,2568779.0,Tormenta,3,0,1,1,1,1
Sabaneta,Jueves,11,1,0,1743,10.3,3,5765241.0,Lluvia,2,1,0,0,0,0
Alpujarra,Miercoles,19,1,0,6158,5.8,2,17314087.0,Tormenta,1,0,0,1,0,0
Sabaneta,Sabado,12,1,1,876,18.3,0,2903059.0,Nublado,2,1,1,0,0,1
Suramericana,Viernes,9,0,0,472,12.3,0,1480908.0,Soleado,2,0,1,0,0,0
Industriales,Miercoles,5,0,0,692,10.8,1,2285968.0,Tormenta,1,0,1,0,0,0
Suramericana,Domingo,10,0,1,648,8.8,2,1985412.0,Lluvia,4,1,0,1,1,0
Parque Berrio,Viernes,3,0,0,648,10.5,1,2152159.0,Soleado,3,0,1,1,0,0
Bello,Jueves,17,1,0,1976,9.8,2,6635927.0,Soleado,2,0,1,0,0,1
Niquia,Viernes,14,1,0,3991,7.6,1,12571183.0,Lluvia,3,1,1,1,0,0
Ayura,Viernes,3,0,0,1168,10.1,3,3786369.0,Nublado,3,1,1,0,1,0
Floresta,Sabado,22,0,1,869,11.8,3,2615144.0,Lluvia,2,1,0,0,1,1
San Javier,Domingo,11,1,1,1764,7.4,1,5804929.0,Lluvia,1,0,1,0,0,0
Santa Lucia,Jueves,14,1,0,1397,14.4,2,4788990.0,Soleado,2,1,0,1,0,0
Exposiciones,Jueves,21,0,0,357,2.9,3,1044490.0,Tormenta,3,1,0,0,1,0
Bello,Domingo,7,1,1,896,5.5,3,2995413.0,Tormenta,1,0,0,0,1,0
La Estrella,Lunes,14,1,0,1283,4.0,3,4168450.0,Lluvia,2,1,0,0,1,0
Suramericana,Viernes,5,0,0,795,13.5,3,2392039.0,Soleado,3,1,1,0,1,1
Envigado,Jueves,16,0,0,365,7.9,4,1159710.0,Soleado,1,0,1,0,0,0
Sabaneta,Lunes,5,0,0,868,7.0,2,2505162.0,Lluvia,2,1,1,0,0,0
Madera,Miercoles,16,0,0,672,13.1,1,2080603.0,Lluvia,1,0,1,0,0,0
Ayura,Sabado,21,0,1,298,9.9,4,1024389.0,Nublado,2,1,0,0,0,0
Universidad,Viernes,9,0,0,437,8.8,1,1404626.0,Nublado,4,1,1,1,1,1
Poblado,Miercoles,8,1,0,3687,3.8,2,12892523.0,Tormenta,2,0,1,1,0,0
San Antonio,Lunes,12,1,0,6449,7.2,4,18553728.0,Soleado,1,0,0,1,0,0
San Antonio,Martes,4,0,0,2620,1.9,3,9132376.0,Nublado,1,1,0,0,0,0
Itagui,Lunes,3,0,0,1017,8.5,2,3240243.0,Lluvia,1,0,1,0,0,1
Caribe,Jueves,23,0,0,788,8.7,2,2211639.0,Tormenta,2,0,1,0,0,0
Bello,Lunes,11,1,0,1793,14.5,1,5571339.0,Nublado,4,0,1,1,1,0
La Estrella,Viernes,9,0,0,1440,11.7,0,4109307.0,Soleado,1,0,1,0,0,0
Floresta,Martes,17,1,0,2183,18.9,3,7146974.0,Soleado,2,0,0,0,1,1
Niquia,Miercoles,6,1,0,5998,15.3,1,20968740.0,Tormenta,1,0,0,0,0,0
San Javier,Viernes,7,1,0,1604,4.9,2,5560649.0,Nublado,4,1,1,1,0,0
Parque Berrio,Martes,15,0,0,571,4.3,4,1756131.0,Tormenta,1,0,0,0,1,0
Alpujarra,Sabado,19,1,1,748,20.7,1,7691293.0,Tormenta,2,1,1,0,0,0
Aguacatala,Sabado,4,0,1,340,6.2,2,1053945.0,Tormenta,3,1,0,1,1,0
Tricentenario,Martes,23,0,0,305,6.0,1,877627.0,Lluvia,2,0,0,0,1,0
Caribe,Lunes,6,1,0,1953,4.6,3,6220474.0,Tormenta,2,0,0,1,1,0
Acevedo,Martes,0,0,0,2137,5.8,0,7131531.0,Tormenta,3,1,1,0,1,0
Parque Berrio,Sabado,2,0,1,889,10.3,1,2644443.0,Tormenta,3,1,1,0,1,0
Santa Lucia,Lunes,19,1,0,984,12.6,1,2913200.0,Nublado,1,0,0,1,0,0
Industriales,Viernes,19,1,0,759,9.0,4,2288015.0,Tormenta,2,0,1,1,0,1
Bello,Viernes,13,1,0,950,8.7,2,3133204.0,Soleado,1,0,1,0,0,0
Bello,Viernes,23,0,0,517,5.1,2,1776380.0,Lluvia,2,0,0,1,1,0
Parque Berrio,Jueves,3,0,0,999,8.3,1,3028816.0,Lluvia,3,1,0,1,0,0
Itagui,Miercoles,2,0,0,433,9.2,4,1248879.0,Soleado,2,0,1,0,1,0
Envigado,Jueves,10,0,0,1042,7.3,1,3306777.0,Lluvia,2,0,1,0,1,0
Alpujarra,Lunes,20,0,0,3286,2.6,3,10405559.0,Lluvia,1,0,1,0,0,0
Parque Berrio,Viernes,18,1,0,2210,5.8,3,6953805.0,Tormenta,1,0,1,0,0,1
Envigado,Sabado,12,1,1,445,6.3,0,1519857.0,Lluvia,4,1,1,1,0,0
Envigado,Domingo,5,0,1,228,5.2,1,788751.0,Nublado,2,1,0,1,0,0
Envigado,Sabado,0,0,1,645,6.1,0,2233312.0,Lluvia,3,0,1,1,1,0
Bello,Lunes,0,0,0,524,10.3,2,1532026.0,Lluvia,1,0,0,0,1,0
Cisneros,Viernes,7,1,0,921,13.2,3,2679142.0,Tormenta,4,1,1,1,1,0
Poblado,Sabado,5,0,1,5922,10.3,2,16668849.0,Soleado,2,0,1,0,1,0
Madera,Jueves,7,1,0,1905,4.3,4,5517078.0,Soleado,1,0,0,0,0,1
Exposiciones,Sabado,3,0,1,809,12.7,1,2405837.0,Soleado,2,1,0,0,0,0
Envigado,Lunes,22,0,0,507,3.4,4,1736309.0,Nublado,3,1,0,1,1,0
Envigado,Domingo,8,1,1,325,7.6,4,1111669.0,Soleado,1,0,1,0,0,0
Industriales,Jueves,4,0,0,971,5.2,3,3185595.0,Nublado,1,0,0,0,1,0
Hospital,Sabado,9,0,1,258,3.2,0,884143.0,Nublado,2,0,0,1,1,1
Tricentenario,Lunes,21,0,0,939,11.4,2,3204602.0,Soleado,4,1,0,1,1,0
Estadio,Martes,4,0,0,451,6.4,3,1519985.0,Nublado,4,1,1,1,1,0
Estadio,Jueves,11,1,0,1379,14.3,3,4442063.0,Tormenta,2,0,1,0,1,1
Envigado,Miercoles,15,0,0,693,2.8,3,2196021.0,Lluvia,2,1,1,0,0,0
Universidad,Jueves,11,1,0,854,3.6,2,2606921.0,Nublado,2,0,0,1,1,1
Hospital,Viernes,7,1,0,500,55.9,1,5114187.0,Soleado,3,1,0,1,0,1
Cisneros,Sabado,5,0,1,274,2.7,0,769593.0,Lluvia,4,1,1,0,1,1
Industriales,Domingo,14,1,1,477,13.5,4,1586403.0,Tormenta,1,0,0,0,1,1
Envigado,Miercoles,8,1,0,1655,18.3,2,5761362.0,Soleado,2,0,1,0,1,0
Exposiciones,Sabado,23,0,1,803,7.4,3,2713399.0,Soleado,3,0,1,0,1,0
Madera,Sabado,19,1,1,291,4.4,1,936431.0,Soleado,3,0,1,1,0,0
Prado,Jueves,18,1,0,1748,10.8,0,5279320.0,Lluvia,1,0,0,1,0,1
Ayura,Jueves,10,0,0,1043,6.0,1,3433410.0,Soleado,4,1,0,1,1,1
Aguacatala,Martes,1,0,0,465,3.6,3,1327634.0,Nublado,2,0,1,0,0,0
Poblado,Domingo,10,0,1,4794,12.8,0,16412144.0,Nublado,4,1,1,1,0,1
Acevedo,Miercoles,4,0,0,3741,12.0,0,11781302.0,Soleado,2,0,1,1,0,0
Itagui,Domingo,11,1,1,432,7.0,3,1505493.0,Soleado,4,1,1,1,0,0
Parque Berrio,Viernes,13,1,0,1264,16.9,2,3869835.0,Nublado,4,1,0,1,1,0
Tricentenario,Domingo,9,0,1,310,11.8,1,952244.0,Tormenta,1,0,0,1,0,1
La Estrella,Miercoles,14,1,0,1550,4.4,3,5173515.0,Tormenta,3,1,1,1,0,0
Santa Lucia,Lunes,3,0,0,765,2.2,1,2649940.0,Tormenta,2,1,0,1,0,0
Suramericana,Sabado,13,1,1,601,18.7,3,1796325.0,Soleado,1,0,1,0,0,0
Exposiciones,Martes,9,0,0,1192,6.7,1,3896351.0,Tormenta,1,1,0,0,0,0
Estadio,Lunes,5,0,0,657,12.8,3,2058282.0,Tormenta,2,0,0,1,1,0
Envigado,Domingo,6,1,1,1306,8.1,2,3669770.0,Soleado,2,0,0,1,1,1
Prado,Miercoles,23,0,0,761,12.8,1,2468688.0,Nublado,1,1,0,0,0,0
Industriales,Martes,17,1,0,1545,8.5,1,5376942.0,Lluvia,1,0,0,1,0,0
Parque Berrio,Sabado,16,0,1,1574,13.5,3,4859364.0,Tormenta,4,1,0,1,1,1
Alpujarra,Martes,17,1,0,6395,7.4,3,20744581.0,Soleado,1,1,0,0,0,0
La Estrella,Jueves,19,1,0,1769,15.3,4,5076661.0,Tormenta,1,0,0,1,0,0
Hospital,Jueves,17,1,0,666,10.5,0,2028256.0,Nublado,4,1,1,0,1,0
Prado,Jueves,8,1,0,2259,18.0,1,6331774.0,Soleado,1,1,0,0,0,0
Suramericana,Viernes,16,0,0,643,3.8,4,2247272.0,Nublado,4,1,1,0,1,1
Floresta,Domingo,12,1,1,745,14.6,1,2348970.0,Soleado,4,1,1,1,1,0
Niquia,Martes,0,0,0,1613,9.0,4,5555843.0,Nublado,4,1,1,1,1,0
La Estrella,Jueves,9,0,0,1896,11.6,3,6331264.0,Soleado,3,1,1,1,0,0
Acevedo,Domingo,19,1,1,1761,5.7,0,5540056.0,Tormenta,2,1,0,0,1,0
Industriales,Viernes,15,0,0,515,9.8,3,1762742.0,Nublado,4,1,1,0,1,0
Acevedo,Miercoles,11,1,0,7016,5.3,2,24195435.0,Soleado,1,0,0,0,0,0
Universidad,Domingo,3,0,1,197,4.4,1,588501.0,Lluvia,1,0,0,1,0,1
Floresta,Jueves,13,1,0,807,5.9,2,2802961.0,Tormenta,3,0,1,1,0,1
Poblado,Martes,19,1,0,5081,12.9,3,14937147.0,Nublado,1,0,0,0,1,0
Ayura,Sabado,18,1,1,247,40.7,4,2510380.0,Nublado,3,0,1,0,1,0
Universidad,Miercoles,11,1,0,846,4.7,2,2776407.0,Nublado,2,0,0,1,1,0
Exposiciones,Lunes,19,1,0,1349,12.1,4,4670764.0,Tormenta,1,0,0,0,0,1
San Antonio,Viernes,6,1,0,3238,11.0,2,10021176.0,Tormenta,2,0,0,1,0,0
Itagui,Sabado,9,0,1,704,8.5,0,2420458.0,Soleado,4,1,1,0,1,1
Acevedo,Viernes,23,0,0,2625,5.5,2,8085633.0,Lluvia,3,1,1,0,1,1
Aguacatala,Martes,3,0,0,279,6.3,1,2640807.0,Soleado,3,1,1,0,1,0
Floresta,Martes,17,1,0,1941,7.0,0,5585349.0,Lluvia,1,0,0,1,0,1
Prado,Miercoles,5,0,0,897,7.2,1,2712109.0,Tormenta,4,1,0,1,1,1
Prado,Sabado,23,0,1,280,10.8,0,853190.0,Soleado,2,1,1,0,0,1
Bello,Sabado,0,0,1,580,4.0,0,1762223.0,Nublado,3,0,0,1,1,0
Tricentenario,Miercoles,11,1,0,1475,11.3,3,4324062.0,Nublado,2,1,0,1,0,1
Acevedo,Miercoles,7,1,0,5397,3.1,4,16821632.0,Tormenta,1,0,0,1,0,0
Tricentenario,Miercoles,16,0,0,820,5.7,3,2452466.0,Tormenta,4,1,1,0,1,0
Sabaneta,Jueves,16,0,0,831,6.9,0,2702779.0,Soleado,2,1,0,0,0,0
Hospital,Lunes,17,1,0,938,13.1,3,2883727.0,Nublado,3,1,1,0,1,0
La Estrella,Miercoles,22,0,0,806,2.9,4,2768971.0,Soleado,3,0,1,0,1,0
Caribe,Viernes,14,1,0,573,9.8,0,1675601.0,Soleado,1,0,1,0,0,0
Aguacatala,Domingo,0,0,1,685,3.1,0,2190004.0,Nublado,2,0,1,0,0,0
Acevedo,Jueves,23,0,0,3353,7.5,2,11711543.0,Lluvia,4,1,1,1,0,0
Santa Lucia,Viernes,16,0,0,124,14.8,4,1373547.0,Tormenta,2,0,1,1,0,0
Hospital,Jueves,23,0,0,668,4.2,0,1961041.0,Tormenta,1,0,0,1,0,0
Prado,Domingo,11,1,1,984,7.3,1,2783510.0,Tormenta,3,1,1,0,0,0
Parque Berrio,Miercoles,0,0,0,1001,3.5,1,3169397.0,Lluvia,2,0,0,1,1,0
Suramericana,Sabado,0,0,1,192,11.5,0,544749.0,Nublado,4,1,1,1,1,0
Parque Berrio,Lunes,21,0,0,388,10.1,1,1356890.0,Nublado,1,0,0,1,0,0
Aguacatala,Martes,7,1,0,1244,17.9,2,4284505.0,Lluvia,2,0,0,0,1,0
San Javier,Domingo,8,1,1,1732,4.0,4,5973639.0,Soleado,2,0,0,0,1,0
Ayura,Viernes,22,0,0,815,12.7,2,2549210.0,Tormenta,4,1,0,1,1,0
Estadio,Jueves,19,1,0,1791,11.3,1,5793209.0,Tormenta,3,1,0,0,1,0
Poblado,Martes,14,1,0,2819,16.6,0,8551263.0,Lluvia,3,0,0,1,1,0
Acevedo,Lunes,21,0,0,2339,7.8,4,7761496.0,Lluvia,2,0,1,1,0,0
Suramericana,Sabado,19,1,1,348,17.5,4,997996.0,Soleado,4,1,1,0,1,0
Exposiciones,Viernes,5,0,0,1161,11.7,2,3918585.0,Nublado,1,0,0,0,1,0
Caribe,Viernes,23,0,0,474,7.8,4,1393676.0,Lluvia,3,1,1,0,1,1
Exposiciones,Miercoles,3,0,0,726,11.3,1,2047015.0,Soleado,4,1,1,1,0,0
Tricentenario,Jueves,23,0,0,583,1.9,1,1778397.0,Soleado,2,0,0,1,1,0
La Estrella,Miercoles,11,1,0,3234,15.9,2,10832195.0,Nublado,4,1,1,1,1,0
Tricentenario,Miercoles,10,0,0,269,24.7,3,2556874.0,Tormenta,2,1,0,0,0,1
San Antonio,Martes,23,0,0,1931,12.3,1,6391058.0,Soleado,4,1,1,1,0,0
Floresta,Viernes,14,1,0,1672,3.1,1,5057485.0,Tormenta,4,1,1,0,1,1
San Javier,Martes,7,1,0,582,34.1,1,5551673.0,Soleado,1,0,1,0,0,0
Niquia,Viernes,13,1,0,4610,14.9,4,14509158.0,Soleado,4,1,1,1,0,1
Industriales,Lunes,12,1,0,1357,15.8,2,3895457.0,Lluvia,1,0,0,0,0,0
Hospital,Jueves,8,1,0,1712,17.3,1,5953789.0,Tormenta,2,0,0,1,0,0
Envigado,Miercoles,3,0,0,569,9.4,0,1727843.0,Lluvia,3,1,1,0,0,0
Hospital,Miercoles,2,0,0,654,13.3,3,2105032.0,Tormenta,1,0,0,0,0,0
Prado,Miercoles,3,0,0,808,7.7,2,2506465.0,Soleado,2,1,0,0,0,0
Envigado,Sabado,12,1,1,927,9.0,1,2874444.0,Soleado,2,1,0,0,1,0
Alpujarra,Jueves,10,0,0,1737,4.6,0,5579300.0,Nublado,1,1,0,0,0,0
Madera,Jueves,4,0,0,484,5.1,2,1473667.0,Tormenta,2,0,1,1,0,1
San Javier,Martes,21,0,0,956,4.7,4,2814562.0,Lluvia,3,0,1,1,1,0
Estadio,Viernes,9,0,0,839,12.2,2,2759001.0,Tormenta,1,0,0,1,0,1
Prado,Lunes,6,1,0,2308,6.5,4,6802919.0,Tormenta,2,1,1,0,0,1
Acevedo,Sabado,15,0,1,1520,6.3,0,4319542.0,Tormenta,4,1,1,1,1,0
Hospital,Miercoles,12,1,0,1672,3.5,2,4718241.0,Lluvia,1,0,0,0,0,0
Suramericana,Jueves,6,1,0,1209,13.1,3,4047525.0,Tormenta,1,1,0,0,0,0
Envigado,Martes,13,1,0,276,29.4,1,2666711.0,Lluvia,3,1,1,1,0,0
Itagui,Martes,1,0,0,670,4.9,2,2242958.0,Lluvia,1,1,0,0,0,0
Cisneros,Viernes,5,0,0,773,2.0,0,2416790.0,Soleado,4,1,1,0,1,0
Sabaneta,Viernes,10,0,0,751,3.9,2,2239241.0,Soleado,2,0,1,0,0,0
Acevedo,Martes,1,0,0,3575,11.9,4,10804129.0,Lluvia,2,1,0,1,0,0
San Javier,Lunes,17,1,0,2143,3.9,3,6170185.0,Tormenta,2,0,0,1,0,0
La Estrella,Jueves,9,0,0,850,5.6,2,2579317.0,Soleado,3,0,0,1,1,0
Alpujarra,Jueves,9,0,0,3921,2.1,4,11559248.0,Soleado,3,0,1,1,1,0
Exposiciones,Sabado,2,0,1,354,13.5,4,1173073.0,Soleado,1,0,0,0,0,1
San Javier,Viernes,16,0,0,1449,4.9,4,4354456.0,Tormenta,2,0,1,1,0,0
Floresta,Sabado,22,0,1,543,12.1,2,1550690.0,Tormenta,1,0,0,1,0,0
Poblado,Domingo,7,1,1,10538,14.0,1,33973268.0,Tormenta,3,1,0,1,1,1
Ayura,Lunes,18,1,0,551,12.6,1,6270570.0,Soleado,3,0,0,1,1,0
Bello,Sabado,0,0,1,201,11.9,3,690029.0,Soleado,4,0,1,1,1,0
Cisneros,Domingo,18,1,1,1141,8.6,3,3922156.0,Nublado,4,1,0,1,1,0
Tricentenario,Sabado,18,1,1,1108,10.0,4,3662797.0,Lluvia,1,0,1,0,0,1
San Antonio,Sabado,18,1,1,2639,5.6,1,7466665.0,Lluvia,2,0,0,1,1,0
Alpujarra,Lunes,5,0,0,2679,5.0,3,7920580.0,Lluvia,3,1,0,0,1,0
Acevedo,Miercoles,17,1,0,2900,3.3,4,9211969.0,Tormenta,4,1,1,1,0,1
Ayura,Jueves,14,1,0,765,18.1,0,2379979.0,Soleado,3,1,1,0,1,0
Suramericana,Lunes,23,0,0,1044,2.7,1,3293760.0,Soleado,1,0,0,1,0,1
Acevedo,Domingo,16,0,1,1714,9.5,0,5938029.0,Nublado,2,0,1,0,1,0
Prado,Viernes,4,0,0,1133,4.0,3,3396530.0,Nublado,1,0,0,0,0,0
Industriales,Martes,15,0,0,1027,3.9,3,3370190.0,Nublado,2,0,0,1,1,0
Cisneros,Martes,9,0,0,801,11.1,3,2578010.0,Lluvia,3,1,1,0,0,1
Poblado,Lunes,7,1,0,3134,18.8,0,9537718.0,Tormenta,2,0,0,0,1,0
Niquia,Jueves,8,1,0,4859,15.6,2,15901040.0,Lluvia,4,1,1,0,1,1
Floresta,Miercoles,10,0,0,615,7.0,1,1968464.0,Nublado,2,1,0,1,0,0
Floresta,Sabado,12,1,1,472,34.4,4,4477125.0,Nublado,2,0,1,0,1,0
Suramericana,Lunes,11,1,0,348,44.1,0,3282943.0,Tormenta,1,0,0,0,0,1
Bello,Sabado,9,0,1,184,10.8,1,519551.0,Soleado,4,0,1,1,1,0
Madera,Martes,23,0,0,320,2.0,4,1031491.0,Soleado,4,0,1,1,1,0
Prado,Sabado,6,1,1,761,9.0,3,2180374.0,Nublado,3,0,0,1,1,1
Niquia,Viernes,23,0,0,3026,10.7,0,9430799.0,Nublado,1,0,0,0,1,1
Alpujarra,Martes,18,1,0,4618,16.3,0,13238755.0,Tormenta,4,1,1,1,0,1
Ayura,Sabado,7,1,1,1181,15.1,1,3336983.0,Tormenta,4,1,0,1,1,1
San Antonio,Domingo,7,1,1,4111,17.1,0,14161825.0,Nublado,1,0,0,0,1,0
Caribe,Miercoles,23,0,0,470,4.1,0,1328851.0,Nublado,2,0,0,0,1,1
Exposiciones,Domingo,9,0,1,595,10.2,2,1883613.0,Lluvia,3,1,1,0,0,0
Suramericana,Martes,22,0,0,831,8.9,3,2596057.0,Soleado,2,0,1,0,1,0
Industriales,Miercoles,4,0,0,368,13.4,0,1110730.0,Tormenta,1,0,0,0,0,0
Acevedo,Sabado,19,1,1,1126,26.4,1,11423762.0,Tormenta,3,0,1,1,1,0
Envigado,Domingo,20,0,1,256,3.0,1,766973.0,Tormenta,1,0,1,0,0,0
Itagui,Viernes,19,1,0,631,29.0,3,6199467.0,Nublado,2,1,1,0,0,0
Aguacatala,Miercoles,10,0,0,353,3.4,3,1093518.0,Tormenta,3,1,0,0,1,1
Estadio,Jueves,22,0,0,663,5.4,4,2003507.0,Nublado,2,0,1,1,0,1
Envigado,Viernes,15,0,0,1001,3.2,3,3259721.0,Tormenta,3,0,0,1,1,0
Sabaneta,Martes,6,1,0,1085,15.2,0,3186738.0,Lluvia,2,1,0,1,0,0
Alpujarra,Sabado,16,0,1,2318,9.4,3,7136672.0,Soleado,3,1,0,1,0,1
Sabaneta,Jueves,14,1,0,248,35.3,4,2786387.0,Soleado,2,0,1,0,0,1
Cisneros,Lunes,1,0,0,952,10.1,2,2730558.0,Lluvia,2,1,0,0,0,0
Santa Lucia,Viernes,18,1,0,1247,13.8,3,4222843.0,Nublado,1,0,1,0,0,0
Madera,Domingo,14,1,1,741,9.5,0,2236201.0,Tormenta,1,0,0,1,0,0
Itagui,Martes,2,0,0,392,3.9,0,1148545.0,Soleado,1,0,1,0,0,0
La Estrella,Viernes,14,1,0,2158,14.1,1,7171435.0,Lluvia,3,1,0,1,1,0
Prado,Jueves,18,1,0,1166,5.8,1,3409359.0,Lluvia,4,1,1,1,0,0
Estadio,Martes,16,0,0,1149,9.2,1,3246743.0,Lluvia,4,0,1,1,1,0
Universidad,Miercoles,22,0,0,392,7.8,1,1168454.0,Nublado,1,1,0,0,0,1
Tricentenario,Jueves,18,1,0,1213,13.7,0,3670126.0,Tormenta,3,1,1,0,1,0
San Antonio,Viernes,3,0,0,2966,5.4,3,9440021.0,Tormenta,4,0,1,1,1,1
Cisneros,Lunes,8,1,0,1527,14.1,2,4318494.0,Tormenta,2,1,0,0,0,1
Estadio,Domingo,18,1,1,897,18.2,4,3117671.0,Nublado,2,0,1,0,0,0
Suramericana,Martes,2,0,0,1111,10.8,2,3467542.0,Nublado,1,0,1,0,0,0
Parque Berrio,Sabado,2,0,1,935,6.9,1,2718883.0,Lluvia,3,1,0,0,1,0
Aguacatala,Jueves,21,0,0,1015,4.3,3,3316924.0,Nublado,2,1,0,0,1,0
Estadio,Lunes,12,1,0,1124,14.9,3,3616872.0,Nublado,3,1,0,0,1,0
Alpujarra,Sabado,10,0,1,2719,6.5,0,8841927.0,Lluvia,2,1,1,0,0,1
Madera,Lunes,12,1,0,1157,7.9,3,3267806.0,Tormenta,4,1,1,0,1,0
Alpujarra,Jueves,23,0,0,3156,11.2,0,9192224.0,Tormenta,4,1,1,1,1,0
Parque Berrio,Miercoles,8,1,0,1747,17.9,4,5347528.0,Nublado,3,1,0,1,0,1
Envigado,Miercoles,21,0,0,453,1.9,4,1350160.0,Soleado,4,1,1,1,1,0
Aguacatala,Domingo,11,1,1,290,18.8,2,3230007.0,Tormenta,3,1,0,1,1,0
Parque Berrio,Sabado,1,0,1,1107,8.0,3,3292261.0,Nublado,1,0,1,0,0,1
Industriales,Miercoles,11,1,0,545,42.2,4,5811398.0,Soleado,1,0,1,0,0,1
Ayura,Lunes,10,0,0,732,6.5,1,2536564.0,Soleado,1,0,0,0,1,0
Itagui,Miercoles,9,0,0,1010,11.1,2,3233349.0,Tormenta,4,1,1,1,1,0
San Javier,Lunes,8,1,0,2618,15.8,1,7833941.0,Soleado,3,1,1,0,0,0
Hospital,Domingo,19,1,1,1450,12.5,4,4393683.0,Lluvia,1,0,0,1,0,0
Alpujarra,Sabado,4,0,1,598,28.4,3,5943075.0,Lluvia,1,0,0,0,1,0
Universidad,Lunes,11,1,0,1121,10.2,3,3161999.0,Tormenta,2,0,0,1,0,1
Estadio,Domingo,9,0,1,330,8.1,3,1064245.0,Nublado,1,0,0,0,1,0
Acevedo,Lunes,9,0,0,2151,10.8,3,6851041.0,Lluvia,2,0,0,1,1,0
La Estrella,Lunes,21,0,0,1828,8.1,3,5406437.0,Tormenta,4,1,0,1,1,0
Niquia,Martes,10,0,0,2205,9.8,0,6765706.0,Nublado,4,1,1,1,1,0
Sabaneta,Viernes,16,0,0,913,8.5,3,3160662.0,Soleado,2,0,1,0,1,0
Niquia,Martes,20,0,0,3761,7.8,1,12769409.0,Nublado,3,0,1,0,1,0
Tricentenario,Sabado,2,0,1,344,7.2,4,1070032.0,Lluvia,2,1,0,0,1,0
Hospital,Lunes,23,0,0,307,10.6,3,1045932.0,Soleado,4,1,1,0,1,1
Aguacatala,Viernes,9,0,0,1148,11.4,0,3506407.0,Lluvia,4,1,0,1,1,0
Floresta,Viernes,11,1,0,1623,18.0,3,4783078.0,Tormenta,1,0,0,0,1,0
Estadio,Miercoles,10,0,0,1005,7.0,3,3306142.0,Nublado,1,0,1,0,0,0
Niquia,Jueves,11,1,0,4450,14.7,4,14434582.0,Nublado,4,1,1,1,0,0
Exposiciones,Lunes,20,0,0,328,11.8,4,987959.0,Nublado,3,0,1,1,1,0
La Estrella,Viernes,18,1,0,3156,17.2,3,10269193.0,Soleado,4,1,1,0,1,0
Hospital,Domingo,6,1,1,544,15.9,1,1658956.0,Nublado,1,0,0,0,0,0
Alpujarra,Domingo,1,0,1,1495,7.7,2,4765012.0,Tormenta,1,1,0,0,0,0
Hospital,Lunes,23,0,0,1006,12.8,1,2977597.0,Lluvia,2,1,0,1,0,0
Floresta,Martes,23,0,0,435,7.9,0,1281254.0,Lluvia,4,1,0,1,1,0
Universidad,Martes,3,0,0,385,7.4,0,1224168.0,Soleado,4,1,1,1,0,1
Estadio,Miercoles,6,1,0,487,9.5,2,1531529.0,Lluvia,4,0,1,1,1,0
San Antonio,Miercoles,21,0,0,3302,3.1,1,10372593.0,Tormenta,4,1,1,1,1,0
Acevedo,Viernes,10,0,0,2292,10.9,1,6759684.0,Lluvia,3,1,0,0,1,0
Itagui,Jueves,4,0,0,460,4.0,3,1541031.0,Tormenta,2,0,0,1,1,0
Hospital,Jueves,15,0,0,679,3.5,2,2246605.0,Tormenta,3,0,1,1,1,1
Niquia,Sabado,1,0,1,613,9.3,3,6824030.0,Lluvia,2,0,0,1,0,0
San Antonio,Jueves,12,1,0,6737,6.0,1,21775932.0,Nublado,3,1,0,0,1,0
Floresta,Miercoles,23,0,0,347,10.9,3,1138667.0,Soleado,4,0,1,1,1,0
Bello,Lunes,10,0,0,850,6.1,2,2446063.0,Tormenta,1,0,0,1,0,0
Tricentenario,Miercoles,9,0,0,875,2.8,1,2650803.0,Soleado,3,0,0,1,1,0
Estadio,Martes,22,0,0,1173,6.0,3,3897986.0,Lluvia,3,0,1,0,1,0
Universidad,Sabado,22,0,1,382,12.7,1,1101472.0,Lluvia,4,1,0,1,1,0
Itagui,Martes,1,0,0,1109,8.1,2,3551429.0,Soleado,1,0,0,0,0,0
Envigado,Domingo,16,0,1,688,8.9,1,2288519.0,Lluvia,4,1,1,1,1,0
Caribe,Viernes,18,1,0,1347,14.3,3,4610212.0,Soleado,3,1,0,0,1,0
San Antonio,Jueves,4,0,0,2412,8.6,2,7652444.0,Nublado,2,0,0,1,0,0
Estadio,Lunes,6,1,0,751,11.6,0,2512564.0,Lluvia,1,0,0,1,0,0
San Javier,Jueves,6,1,0,582,20.7,1,6484186.0,Nublado,4,1,1,0,1,1
Bello,Domingo,14,1,1,495,16.4,0,1721843.0,Nublado,1,0,1,0,0,0
Aguacatala,Jueves,11,1,0,1156,19.2,4,3527997.0,Soleado,1,0,0,0,1,0
Exposiciones,Lunes,12,1,0,1113,7.8,0,3454645.0,Tormenta,3,1,1,1,0,1
Niquia,Miercoles,23,0,0,505,8.7,1,4927194.0,Soleado,2,1,0,0,1,0
Floresta,Viernes,9,0,0,932,6.7,1,2883112.0,Soleado,2,0,1,1,0,0
Niquia,Viernes,6,1,0,1714,36.4,2,18489965.0,Soleado,1,0,0,0,1,0
Industriales,Viernes,17,1,0,1943,11.5,1,5576567.0,Soleado,2,1,0,0,1,0
Aguacatala,Martes,13,1,0,842,16.3,0,2541157.0,Lluvia,3,0,1,1,1,0
Aguacatala,Miercoles,23,0,0,428,4.4,1,1439712.0,Tormenta,1,1,0,0,0,0
Sabaneta,Domingo,7,1,1,617,8.2,3,2016263.0,Lluvia,3,0,1,1,0,0
Itagui,Sabado,23,0,1,487,4.1,1,1368482.0,Lluvia,2,0,1,0,1,0
Itagui,Jueves,15,0,0,492,9.2,4,1517308.0,Soleado,4,0,1,1,1,0
La Estrella,Domingo,10,0,1,680,11.2,3,2271476.0,Lluvia,1,0,0,1,0,0
Suramericana,Lunes,13,1,0,1338,6.4,3,4523851.0,Tormenta,3,0,1,1,0,1
Envigado,Miercoles,16,0,0,707,11.4,4,2076045.0,Lluvia,2,1,1,0,0,0
Itagui,Lunes,16,0,0,1119,8.0,4,3313691.0,Soleado,2,0,1,1,0,0
La Estrella,Viernes,19,1,0,1966,18.7,3,6685986.0,Tormenta,4,0,1,1,1,1
San Antonio,Martes,23,0,0,1501,2.7,4,4904794.0,Tormenta,1,1,0,0,0,0
Tricentenario,Jueves,5,0,0,700,11.0,3,2151590.0,Nublado,3,1,1,0,1,1
Acevedo,Lunes,21,0,0,702,14.8,2,7807835.0,Tormenta,3,1,0,1,0,0
San Javier,Miercoles,9,0,0,1908,10.5,3,5547650.0,Lluvia,3,1,1,1,0,0
La Estrella,Miercoles,13,1,0,3376,6.4,0,9662116.0,Tormenta,3,0,1,1,1,1
Bello,Domingo,3,0,1,833,5.0,2,2705739.0,Soleado,3,1,0,1,1,1
Hospital,Lunes,15,0,0,905,6.9,2,2599862.0,Soleado,4,0,1,1,1,0
Itagui,Miercoles,3,0,0,420,13.1,1,1282046.0,Tormenta,4,1,1,1,1,0
Exposiciones,Martes,23,0,0,295,36.6,1,3148898.0,Tormenta,1,0,0,1,0,0
Floresta,Viernes,8,1,0,2095,8.6,1,6271682.0,Nublado,3,1,0,1,1,0
Floresta,Viernes,11,1,0,2036,4.1,2,6579297.0,Soleado,2,0,0,1,0,0
La Estrella,Domingo,10,0,1,858,4.2,3,2612967.0,Soleado,3,0,1,0,1,0
Universidad,Sabado,9,0,1,717,3.9,4,2356740.0,Tormenta,1,0,0,0,0,0
Tricentenario,Martes,17,1,0,1105,9.1,2,3568480.0,Nublado,3,1,1,0,1,0
San Javier,Miercoles,0,0,0,1259,11.5,1,3741428.0,Lluvia,2,1,1,0,0,0
Niquia,Lunes,15,0,0,3197,8.3,4,9381812.0,Lluvia,4,0,1,1,1,0
Industriales,Miercoles,11,1,0,1109,3.9,1,3354907.0,Soleado,2,0,1,0,0,1
Envigado,Martes,3,0,0,1037,5.9,4,3499620.0,Tormenta,3,1,1,0,0,1
Itagui,Martes,2,0,0,322,8.4,4,1048173.0,Soleado,4,1,1,1,0,0
Itagui,Sabado,23,0,1,699,6.8,1,2439751.0,Tormenta,4,1,1,1,0,0
Estadio,Sabado,21,0,1,593,8.9,2,1904250.0,Soleado,1,0,0,0,0,1
Floresta,Lunes,23,0,0,166,38.8,1,1875300.0,Soleado,1,0,0,1,0,0
Exposiciones,Martes,22,0,0,1124,6.6,3,3256179.0,Lluvia,1,0,0,1,0,0
Santa Lucia,Sabado,8,1,1,387,6.4,0,1175630.0,Soleado,3,1,0,1,0,0
Acevedo,Viernes,0,0,0,1519,5.6,2,4282604.0,Tormenta,3,1,1,0,0,0
Envigado,Martes,11,1,0,2197,5.2,2,7034332.0,Tormenta,2,0,1,0,0,0
Sabaneta,Lunes,17,1,0,2214,18.4,0,6740164.0,Nublado,2,1,0,0,1,0
Sabaneta,Domingo,14,1,1,1015,12.0,2,3016941.0,Soleado,4,1,1,0,1,1
Suramericana,Jueves,22,0,0,1168,7.9,2,4015942.0,Nublado,4,0,1,1,1,1
Estadio,Sabado,9,0,1,449,2.8,0,1411597.0,Lluvia,4,0,1,1,1,0
Ayura,Miercoles,6,1,0,1194,15.2,4,3796861.0,Soleado,1,0,0,0,0,0
Parque Berrio,Jueves,6,1,0,1297,16.5,3,4302121.0,Soleado,2,0,0,1,0,0
Acevedo,Sabado,5,0,1,1467,4.2,1,4694109.0,Nublado,1,0,0,0,1,0
Parque Berrio,Viernes,7,1,0,958,16.6,2,3297732.0,Lluvia,2,0,1,0,0,1
San Javier,Lunes,22,0,0,365,36.1,2,3762373.0,Soleado,4,0,1,1,1,1
Bello,Martes,14,1,0,1804,3.8,0,5196774.0,Nublado,4,1,1,1,1,0
San Javier,Lunes,12,1,0,3118,17.1,2,8967195.0,Nublado,2,1,0,0,1,0
Ayura,Domingo,15,0,1,219,2.2,3,641481.0,Tormenta,1,0,1,0,0,0
Poblado,Sabado,14,1,1,2806,13.3,2,26477718.0,Nublado,3,0,1,1,0,0
Exposiciones,Lunes,4,0,0,817,2.5,1,2646303.0,Lluvia,4,1,0,1,1,0
Tricentenario,Miercoles,10,0,0,124,26.7,3,1309330.0,Soleado,3,1,0,1,1,0
Niquia,Martes,0,0,0,3087,10.8,0,10495498.0,Soleado,1,0,0,0,0,0
La Estrella,Lunes,18,1,0,2539,9.1,1,8322885.0,Tormenta,3,1,0,0,1,0
Hospital,Sabado,9,0,1,557,12.1,2,1848128.0,Tormenta,3,1,1,0,0,0
Exposiciones,Jueves,20,0,0,513,12.8,3,1753709.0,Lluvia,4,0,1,1,1,0
San Javier,Jueves,4,0,0,1303,4.3,1,4166825.0,Lluvia,3,0,1,0,1,0
Exposiciones,Viernes,15,0,0,855,9.4,2,2935449.0,Nublado,4,1,1,0,1,1
Ayura,Domingo,5,0,1,229,6.3,1,685013.0,Nublado,2,0,1,0,1,1
San Antonio,Jueves,7,1,0,5791,18.4,4,18365645.0,Soleado,1,1,0,0,0,0
Niquia,Domingo,1,0,1,1109,12.4,1,3682444.0,Lluvia,3,1,0,1,1,1
Aguacatala,Lunes,22,0,0,596,5.3,4,1735474.0,Tormenta,2,1,0,0,1,0
Envigado,Viernes,20,0,0,1016,13.3,1,3539020.0,Soleado,2,1,0,0,1,0
Exposiciones,Domingo,12,1,1,602,19.3,2,2077899.0,Tormenta,2,1,0,0,1,0
San Antonio,Jueves,11,1,0,3487,7.7,3,12001329.0,Soleado,2,0,0,1,0,0
Sabaneta,Jueves,0,0,0,473,6.1,2,1387979.0,Lluvia,1,0,0,0,1,0
Bello,Sabado,7,1,1,617,3.3,3,2012399.0,Soleado,1,0,1,0,0,0
Parque Berrio,Lunes,6,1,0,1167,14.4,2,3836862.0,Lluvia,4,1,1,1,1,0
Aguacatala,Domingo,8,1,1,782,13.9,2,2661174.0,Soleado,1,0,1,0,0,0
Madera,Martes,11,1,0,244,13.3,0,2778140.0,Tormenta,3,1,0,0,1,0
Suramericana,Domingo,3,0,1,253,4.1,0,741265.0,Tormenta,1,1,0,0,0,0
Universidad,Domingo,22,0,1,414,8.0,3,1396126.0,Soleado,4,0,1,1,1,1
Caribe,Miercoles,0,0,0,480,13.2,2,1392348.0,Nublado,2,1,0,0,0,0
San Antonio,Domingo,5,0,1,2312,6.6,2,6826829.0,Lluvia,3,1,1,1,0,0
Estadio,Lunes,2,0,0,364,7.6,0,1177137.0,Soleado,1,0,0,0,1,0
San Antonio,Miercoles,11,1,0,6249,16.8,3,19063692.0,Lluvia,3,0,1,1,1,0
Hospital,Martes,5,0,0,1007,5.9,3,3439894.0,Nublado,4,1,1,0,1,1
Industriales,Lunes,4,0,0,207,37.3,1,2124919.0,Nublado,2,0,1,0,0,0
Niquia,Domingo,15,0,1,1568,2.1,3,4564168.0,Tormenta,3,0,1,0,1,1
Industriales,Domingo,15,0,1,521,2.6,2,1716287.0,Nublado,2,0,1,0,1,1
Aguacatala,Martes,9,0,0,646,9.2,4,2002793.0,Lluvia,2,0,0,1,0,0
Suramericana,Viernes,4,0,0,878,13.2,0,2469284.0,Nublado,2,0,1,1,0,0
La Estrella,Lunes,8,1,0,3759,14.4,1,13065651.0,Nublado,2,0,1,0,0,1
Itagui,Viernes,0,0,0,823,12.1,3,2736586.0,Tormenta,1,0,0,0,0,1
Sabaneta,Sabado,2,0,1,511,11.1,2,1685449.0,Nublado,1,0,0,0,1,0
La Estrella,Jueves,10,0,0,1788,8.4,2,6203765.0,Nublado,3,0,1,1,0,0
Parque Berrio,Sabado,23,0,1,1420,5.1,3,4396453.0,Lluvia,1,0,0,1,0,0
Tricentenario,Domingo,0,0,1,670,6.7,2,2094057.0,Nublado,2,0,0,0,1,1
Estadio,Martes,3,0,0,766,5.0,4,2387877.0,Soleado,2,1,0,1,0,0
San Antonio,Viernes,15,0,0,2080,5.5,3,6624985.0,Soleado,3,0,1,0,1,0
San Antonio,Viernes,18,1,0,5492,14.7,1,17287024.0,Nublado,2,1,1,0,0,0
Madera,Viernes,11,1,0,653,15.3,3,2011496.0,Nublado,4,1,1,1,1,1
Caribe,Sabado,8,1,1,175,8.3,1,1837160.0,Lluvia,2,0,1,1,0,1
Estadio,Viernes,21,0,0,319,7.8,2,1003114.0,Soleado,4,1,0,1,1,0
Hospital,Domingo,15,0,1,466,8.6,2,1470884.0,Lluvia,4,1,1,1,0,0
Envigado,Viernes,16,0,0,463,11.6,4,1379460.0,Lluvia,3,1,0,1,1,1
Niquia,Domingo,19,1,1,1908,16.2,1,5609711.0,Tormenta,3,0,1,1,0,0
La Estrella,Lunes,7,1,0,2183,7.8,1,7380092.0,Lluvia,2,0,0,0,1,1
Exposiciones,Miercoles,5,0,0,791,8.4,2,2654993.0,Soleado,2,1,0,0,0,0
Sabaneta,Domingo,0,0,1,177,6.3,4,614694.0,Lluvia,3,0,1,0,1,0
Prado,Sabado,20,0,1,441,12.3,2,1278585.0,Tormenta,2,1,0,0,0,0
Niquia,Jueves,2,0,0,3364,12.0,4,11055594.0,Tormenta,1,0,0,0,0,0
Floresta,Domingo,4,0,1,226,6.2,0,711492.0,Soleado,4,1,1,1,1,0
Santa Lucia,Domingo,23,0,1,375,2.1,2,1302837.0,Tormenta,4,1,1,1,0,0
Santa Lucia,Sabado,9,0,1,264,7.1,3,839840.0,Lluvia,3,0,1,0,1,1
Caribe,Sabado,12,1,1,1131,5.1,3,3701760.0,Lluvia,4,1,1,1,0,1
Poblado,Sabado,21,0,1,2465,12.5,1,7935217.0,Nublado,2,0,1,0,0,1
Madera,Domingo,3,0,1,441,1.8,4,1439973.0,Soleado,2,0,0,1,1,0
